Loading checkpoint shards:   0%|          | 0/4 [00:00<?, ?it/s]Loading checkpoint shards:  25%|██▌       | 1/4 [00:04<00:13,  4.55s/it]Loading checkpoint shards:  50%|█████     | 2/4 [00:08<00:08,  4.49s/it]Loading checkpoint shards:  75%|███████▌  | 3/4 [00:13<00:04,  4.44s/it]Loading checkpoint shards: 100%|██████████| 4/4 [00:14<00:00,  3.10s/it]Loading checkpoint shards: 100%|██████████| 4/4 [00:14<00:00,  3.61s/it]
/home/eterrescaballe/miniconda3/envs/OrthoMerge/lib/python3.10/site-packages/transformers/generation/configuration_utils.py:628: UserWarning: `do_sample` is set to `False`. However, `temperature` is set to `0.0` -- this flag is only used in sample-based generation modes. You should set `do_sample=True` or unset `temperature`.
  warnings.warn(
/home/eterrescaballe/miniconda3/envs/OrthoMerge/lib/python3.10/site-packages/transformers/generation/configuration_utils.py:633: UserWarning: `do_sample` is set to `False`. However, `top_p` is set to `0.9` -- this flag is only used in sample-based generation modes. You should set `do_sample=True` or unset `top_p`.
  warnings.warn(
Setting `pad_token_id` to `eos_token_id`:128001 for open-end generation.
Setting `pad_token_id` to `eos_token_id`:128001 for open-end generation.
Setting `pad_token_id` to `eos_token_id`:128001 for open-end generation.
Setting `pad_token_id` to `eos_token_id`:128001 for open-end generation.
Setting `pad_token_id` to `eos_token_id`:128001 for open-end generation.
Setting `pad_token_id` to `eos_token_id`:128001 for open-end generation.
Setting `pad_token_id` to `eos_token_id`:128001 for open-end generation.
Setting `pad_token_id` to `eos_token_id`:128001 for open-end generation.
Setting `pad_token_id` to `eos_token_id`:128001 for open-end generation.
Setting `pad_token_id` to `eos_token_id`:128001 for open-end generation.
Setting `pad_token_id` to `eos_token_id`:128001 for open-end generation.
Setting `pad_token_id` to `eos_token_id`:128001 for open-end generation.
Setting `pad_token_id` to `eos_token_id`:128001 for open-end generation.
Setting `pad_token_id` to `eos_token_id`:128001 for open-end generation.
Setting `pad_token_id` to `eos_token_id`:128001 for open-end generation.
Setting `pad_token_id` to `eos_token_id`:128001 for open-end generation.
Setting `pad_token_id` to `eos_token_id`:128001 for open-end generation.
Setting `pad_token_id` to `eos_token_id`:128001 for open-end generation.
Setting `pad_token_id` to `eos_token_id`:128001 for open-end generation.
Setting `pad_token_id` to `eos_token_id`:128001 for open-end generation.
Setting `pad_token_id` to `eos_token_id`:128001 for open-end generation.
Setting `pad_token_id` to `eos_token_id`:128001 for open-end generation.
Setting `pad_token_id` to `eos_token_id`:128001 for open-end generation.
Setting `pad_token_id` to `eos_token_id`:128001 for open-end generation.
Setting `pad_token_id` to `eos_token_id`:128001 for open-end generation.
Setting `pad_token_id` to `eos_token_id`:128001 for open-end generation.
Setting `pad_token_id` to `eos_token_id`:128001 for open-end generation.
Setting `pad_token_id` to `eos_token_id`:128001 for open-end generation.
Setting `pad_token_id` to `eos_token_id`:128001 for open-end generation.
Setting `pad_token_id` to `eos_token_id`:128001 for open-end generation.
Setting `pad_token_id` to `eos_token_id`:128001 for open-end generation.
Setting `pad_token_id` to `eos_token_id`:128001 for open-end generation.
Setting `pad_token_id` to `eos_token_id`:128001 for open-end generation.
Setting `pad_token_id` to `eos_token_id`:128001 for open-end generation.
Setting `pad_token_id` to `eos_token_id`:128001 for open-end generation.
Setting `pad_token_id` to `eos_token_id`:128001 for open-end generation.
Setting `pad_token_id` to `eos_token_id`:128001 for open-end generation.
Setting `pad_token_id` to `eos_token_id`:128001 for open-end generation.
Setting `pad_token_id` to `eos_token_id`:128001 for open-end generation.
Setting `pad_token_id` to `eos_token_id`:128001 for open-end generation.
Setting `pad_token_id` to `eos_token_id`:128001 for open-end generation.
Setting `pad_token_id` to `eos_token_id`:128001 for open-end generation.
Setting `pad_token_id` to `eos_token_id`:128001 for open-end generation.
Setting `pad_token_id` to `eos_token_id`:128001 for open-end generation.
Setting `pad_token_id` to `eos_token_id`:128001 for open-end generation.
Setting `pad_token_id` to `eos_token_id`:128001 for open-end generation.
Setting `pad_token_id` to `eos_token_id`:128001 for open-end generation.
Setting `pad_token_id` to `eos_token_id`:128001 for open-end generation.
Setting `pad_token_id` to `eos_token_id`:128001 for open-end generation.
Setting `pad_token_id` to `eos_token_id`:128001 for open-end generation.
Setting `pad_token_id` to `eos_token_id`:128001 for open-end generation.
Setting `pad_token_id` to `eos_token_id`:128001 for open-end generation.
Setting `pad_token_id` to `eos_token_id`:128001 for open-end generation.
Setting `pad_token_id` to `eos_token_id`:128001 for open-end generation.
Setting `pad_token_id` to `eos_token_id`:128001 for open-end generation.
Setting `pad_token_id` to `eos_token_id`:128001 for open-end generation.
Setting `pad_token_id` to `eos_token_id`:128001 for open-end generation.
Setting `pad_token_id` to `eos_token_id`:128001 for open-end generation.
Setting `pad_token_id` to `eos_token_id`:128001 for open-end generation.
Setting `pad_token_id` to `eos_token_id`:128001 for open-end generation.
Setting `pad_token_id` to `eos_token_id`:128001 for open-end generation.
Setting `pad_token_id` to `eos_token_id`:128001 for open-end generation.
Setting `pad_token_id` to `eos_token_id`:128001 for open-end generation.
Setting `pad_token_id` to `eos_token_id`:128001 for open-end generation.
Setting `pad_token_id` to `eos_token_id`:128001 for open-end generation.
Setting `pad_token_id` to `eos_token_id`:128001 for open-end generation.
Setting `pad_token_id` to `eos_token_id`:128001 for open-end generation.
Setting `pad_token_id` to `eos_token_id`:128001 for open-end generation.
Setting `pad_token_id` to `eos_token_id`:128001 for open-end generation.
Setting `pad_token_id` to `eos_token_id`:128001 for open-end generation.
Setting `pad_token_id` to `eos_token_id`:128001 for open-end generation.
Setting `pad_token_id` to `eos_token_id`:128001 for open-end generation.
Setting `pad_token_id` to `eos_token_id`:128001 for open-end generation.
Setting `pad_token_id` to `eos_token_id`:128001 for open-end generation.
Setting `pad_token_id` to `eos_token_id`:128001 for open-end generation.
Setting `pad_token_id` to `eos_token_id`:128001 for open-end generation.
Setting `pad_token_id` to `eos_token_id`:128001 for open-end generation.
Setting `pad_token_id` to `eos_token_id`:128001 for open-end generation.
Setting `pad_token_id` to `eos_token_id`:128001 for open-end generation.
Setting `pad_token_id` to `eos_token_id`:128001 for open-end generation.
Setting `pad_token_id` to `eos_token_id`:128001 for open-end generation.
Setting `pad_token_id` to `eos_token_id`:128001 for open-end generation.
Setting `pad_token_id` to `eos_token_id`:128001 for open-end generation.
Setting `pad_token_id` to `eos_token_id`:128001 for open-end generation.
Setting `pad_token_id` to `eos_token_id`:128001 for open-end generation.
Setting `pad_token_id` to `eos_token_id`:128001 for open-end generation.
Setting `pad_token_id` to `eos_token_id`:128001 for open-end generation.
Setting `pad_token_id` to `eos_token_id`:128001 for open-end generation.
Setting `pad_token_id` to `eos_token_id`:128001 for open-end generation.
Setting `pad_token_id` to `eos_token_id`:128001 for open-end generation.
Setting `pad_token_id` to `eos_token_id`:128001 for open-end generation.
Setting `pad_token_id` to `eos_token_id`:128001 for open-end generation.
Setting `pad_token_id` to `eos_token_id`:128001 for open-end generation.
Setting `pad_token_id` to `eos_token_id`:128001 for open-end generation.
Setting `pad_token_id` to `eos_token_id`:128001 for open-end generation.
Setting `pad_token_id` to `eos_token_id`:128001 for open-end generation.
Setting `pad_token_id` to `eos_token_id`:128001 for open-end generation.
Setting `pad_token_id` to `eos_token_id`:128001 for open-end generation.
Setting `pad_token_id` to `eos_token_id`:128001 for open-end generation.
Setting `pad_token_id` to `eos_token_id`:128001 for open-end generation.
Setting `pad_token_id` to `eos_token_id`:128001 for open-end generation.
Setting `pad_token_id` to `eos_token_id`:128001 for open-end generation.
Setting `pad_token_id` to `eos_token_id`:128001 for open-end generation.
Setting `pad_token_id` to `eos_token_id`:128001 for open-end generation.
Setting `pad_token_id` to `eos_token_id`:128001 for open-end generation.
Setting `pad_token_id` to `eos_token_id`:128001 for open-end generation.
Setting `pad_token_id` to `eos_token_id`:128001 for open-end generation.
Setting `pad_token_id` to `eos_token_id`:128001 for open-end generation.
Setting `pad_token_id` to `eos_token_id`:128001 for open-end generation.
Setting `pad_token_id` to `eos_token_id`:128001 for open-end generation.
Setting `pad_token_id` to `eos_token_id`:128001 for open-end generation.
Setting `pad_token_id` to `eos_token_id`:128001 for open-end generation.
Setting `pad_token_id` to `eos_token_id`:128001 for open-end generation.
Setting `pad_token_id` to `eos_token_id`:128001 for open-end generation.
Setting `pad_token_id` to `eos_token_id`:128001 for open-end generation.
Setting `pad_token_id` to `eos_token_id`:128001 for open-end generation.
Setting `pad_token_id` to `eos_token_id`:128001 for open-end generation.
Setting `pad_token_id` to `eos_token_id`:128001 for open-end generation.
Setting `pad_token_id` to `eos_token_id`:128001 for open-end generation.
Setting `pad_token_id` to `eos_token_id`:128001 for open-end generation.
Setting `pad_token_id` to `eos_token_id`:128001 for open-end generation.
Setting `pad_token_id` to `eos_token_id`:128001 for open-end generation.
Setting `pad_token_id` to `eos_token_id`:128001 for open-end generation.
Setting `pad_token_id` to `eos_token_id`:128001 for open-end generation.
Setting `pad_token_id` to `eos_token_id`:128001 for open-end generation.
Setting `pad_token_id` to `eos_token_id`:128001 for open-end generation.
Setting `pad_token_id` to `eos_token_id`:128001 for open-end generation.
Setting `pad_token_id` to `eos_token_id`:128001 for open-end generation.
Setting `pad_token_id` to `eos_token_id`:128001 for open-end generation.
Setting `pad_token_id` to `eos_token_id`:128001 for open-end generation.
Setting `pad_token_id` to `eos_token_id`:128001 for open-end generation.
Setting `pad_token_id` to `eos_token_id`:128001 for open-end generation.
Setting `pad_token_id` to `eos_token_id`:128001 for open-end generation.
Setting `pad_token_id` to `eos_token_id`:128001 for open-end generation.
Setting `pad_token_id` to `eos_token_id`:128001 for open-end generation.
Setting `pad_token_id` to `eos_token_id`:128001 for open-end generation.
Setting `pad_token_id` to `eos_token_id`:128001 for open-end generation.
Setting `pad_token_id` to `eos_token_id`:128001 for open-end generation.
Setting `pad_token_id` to `eos_token_id`:128001 for open-end generation.
Setting `pad_token_id` to `eos_token_id`:128001 for open-end generation.
Setting `pad_token_id` to `eos_token_id`:128001 for open-end generation.
Setting `pad_token_id` to `eos_token_id`:128001 for open-end generation.
Setting `pad_token_id` to `eos_token_id`:128001 for open-end generation.
Setting `pad_token_id` to `eos_token_id`:128001 for open-end generation.
Setting `pad_token_id` to `eos_token_id`:128001 for open-end generation.
Setting `pad_token_id` to `eos_token_id`:128001 for open-end generation.
Setting `pad_token_id` to `eos_token_id`:128001 for open-end generation.
Setting `pad_token_id` to `eos_token_id`:128001 for open-end generation.
Setting `pad_token_id` to `eos_token_id`:128001 for open-end generation.
Setting `pad_token_id` to `eos_token_id`:128001 for open-end generation.
Setting `pad_token_id` to `eos_token_id`:128001 for open-end generation.
Setting `pad_token_id` to `eos_token_id`:128001 for open-end generation.
Setting `pad_token_id` to `eos_token_id`:128001 for open-end generation.
Setting `pad_token_id` to `eos_token_id`:128001 for open-end generation.
Setting `pad_token_id` to `eos_token_id`:128001 for open-end generation.
Setting `pad_token_id` to `eos_token_id`:128001 for open-end generation.
Setting `pad_token_id` to `eos_token_id`:128001 for open-end generation.
Setting `pad_token_id` to `eos_token_id`:128001 for open-end generation.
Setting `pad_token_id` to `eos_token_id`:128001 for open-end generation.
Setting `pad_token_id` to `eos_token_id`:128001 for open-end generation.
Setting `pad_token_id` to `eos_token_id`:128001 for open-end generation.
Setting `pad_token_id` to `eos_token_id`:128001 for open-end generation.
Setting `pad_token_id` to `eos_token_id`:128001 for open-end generation.
Setting `pad_token_id` to `eos_token_id`:128001 for open-end generation.
Setting `pad_token_id` to `eos_token_id`:128001 for open-end generation.
Setting `pad_token_id` to `eos_token_id`:128001 for open-end generation.
Setting `pad_token_id` to `eos_token_id`:128001 for open-end generation.
Setting `pad_token_id` to `eos_token_id`:128001 for open-end generation.
Setting `pad_token_id` to `eos_token_id`:128001 for open-end generation.
Setting `pad_token_id` to `eos_token_id`:128001 for open-end generation.
Setting `pad_token_id` to `eos_token_id`:128001 for open-end generation.
Setting `pad_token_id` to `eos_token_id`:128001 for open-end generation.
Setting `pad_token_id` to `eos_token_id`:128001 for open-end generation.
Setting `pad_token_id` to `eos_token_id`:128001 for open-end generation.
Setting `pad_token_id` to `eos_token_id`:128001 for open-end generation.
Setting `pad_token_id` to `eos_token_id`:128001 for open-end generation.
Setting `pad_token_id` to `eos_token_id`:128001 for open-end generation.
Setting `pad_token_id` to `eos_token_id`:128001 for open-end generation.
Setting `pad_token_id` to `eos_token_id`:128001 for open-end generation.
Setting `pad_token_id` to `eos_token_id`:128001 for open-end generation.
Setting `pad_token_id` to `eos_token_id`:128001 for open-end generation.
Setting `pad_token_id` to `eos_token_id`:128001 for open-end generation.
Setting `pad_token_id` to `eos_token_id`:128001 for open-end generation.
Setting `pad_token_id` to `eos_token_id`:128001 for open-end generation.
Setting `pad_token_id` to `eos_token_id`:128001 for open-end generation.
Setting `pad_token_id` to `eos_token_id`:128001 for open-end generation.
Setting `pad_token_id` to `eos_token_id`:128001 for open-end generation.
Setting `pad_token_id` to `eos_token_id`:128001 for open-end generation.
Setting `pad_token_id` to `eos_token_id`:128001 for open-end generation.
Setting `pad_token_id` to `eos_token_id`:128001 for open-end generation.
Setting `pad_token_id` to `eos_token_id`:128001 for open-end generation.
Setting `pad_token_id` to `eos_token_id`:128001 for open-end generation.
Setting `pad_token_id` to `eos_token_id`:128001 for open-end generation.
Setting `pad_token_id` to `eos_token_id`:128001 for open-end generation.
Setting `pad_token_id` to `eos_token_id`:128001 for open-end generation.
Setting `pad_token_id` to `eos_token_id`:128001 for open-end generation.
Setting `pad_token_id` to `eos_token_id`:128001 for open-end generation.
Setting `pad_token_id` to `eos_token_id`:128001 for open-end generation.
Setting `pad_token_id` to `eos_token_id`:128001 for open-end generation.
Setting `pad_token_id` to `eos_token_id`:128001 for open-end generation.
Setting `pad_token_id` to `eos_token_id`:128001 for open-end generation.
Setting `pad_token_id` to `eos_token_id`:128001 for open-end generation.
Setting `pad_token_id` to `eos_token_id`:128001 for open-end generation.
Setting `pad_token_id` to `eos_token_id`:128001 for open-end generation.
Setting `pad_token_id` to `eos_token_id`:128001 for open-end generation.
Setting `pad_token_id` to `eos_token_id`:128001 for open-end generation.
Setting `pad_token_id` to `eos_token_id`:128001 for open-end generation.
Setting `pad_token_id` to `eos_token_id`:128001 for open-end generation.
Setting `pad_token_id` to `eos_token_id`:128001 for open-end generation.
Setting `pad_token_id` to `eos_token_id`:128001 for open-end generation.
Setting `pad_token_id` to `eos_token_id`:128001 for open-end generation.
Setting `pad_token_id` to `eos_token_id`:128001 for open-end generation.
Setting `pad_token_id` to `eos_token_id`:128001 for open-end generation.
Setting `pad_token_id` to `eos_token_id`:128001 for open-end generation.
Setting `pad_token_id` to `eos_token_id`:128001 for open-end generation.
Setting `pad_token_id` to `eos_token_id`:128001 for open-end generation.
Setting `pad_token_id` to `eos_token_id`:128001 for open-end generation.
Setting `pad_token_id` to `eos_token_id`:128001 for open-end generation.
Setting `pad_token_id` to `eos_token_id`:128001 for open-end generation.
Setting `pad_token_id` to `eos_token_id`:128001 for open-end generation.
Setting `pad_token_id` to `eos_token_id`:128001 for open-end generation.
Setting `pad_token_id` to `eos_token_id`:128001 for open-end generation.
Setting `pad_token_id` to `eos_token_id`:128001 for open-end generation.
Setting `pad_token_id` to `eos_token_id`:128001 for open-end generation.
Setting `pad_token_id` to `eos_token_id`:128001 for open-end generation.
Setting `pad_token_id` to `eos_token_id`:128001 for open-end generation.
Setting `pad_token_id` to `eos_token_id`:128001 for open-end generation.
Setting `pad_token_id` to `eos_token_id`:128001 for open-end generation.
Setting `pad_token_id` to `eos_token_id`:128001 for open-end generation.
Setting `pad_token_id` to `eos_token_id`:128001 for open-end generation.
Setting `pad_token_id` to `eos_token_id`:128001 for open-end generation.
Setting `pad_token_id` to `eos_token_id`:128001 for open-end generation.
Setting `pad_token_id` to `eos_token_id`:128001 for open-end generation.
Setting `pad_token_id` to `eos_token_id`:128001 for open-end generation.
Setting `pad_token_id` to `eos_token_id`:128001 for open-end generation.
Setting `pad_token_id` to `eos_token_id`:128001 for open-end generation.
Setting `pad_token_id` to `eos_token_id`:128001 for open-end generation.
Setting `pad_token_id` to `eos_token_id`:128001 for open-end generation.
Setting `pad_token_id` to `eos_token_id`:128001 for open-end generation.
Setting `pad_token_id` to `eos_token_id`:128001 for open-end generation.
Setting `pad_token_id` to `eos_token_id`:128001 for open-end generation.
Setting `pad_token_id` to `eos_token_id`:128001 for open-end generation.
Setting `pad_token_id` to `eos_token_id`:128001 for open-end generation.
Setting `pad_token_id` to `eos_token_id`:128001 for open-end generation.
Setting `pad_token_id` to `eos_token_id`:128001 for open-end generation.
Setting `pad_token_id` to `eos_token_id`:128001 for open-end generation.
Setting `pad_token_id` to `eos_token_id`:128001 for open-end generation.
Setting `pad_token_id` to `eos_token_id`:128001 for open-end generation.
Setting `pad_token_id` to `eos_token_id`:128001 for open-end generation.
Setting `pad_token_id` to `eos_token_id`:128001 for open-end generation.
Setting `pad_token_id` to `eos_token_id`:128001 for open-end generation.
Setting `pad_token_id` to `eos_token_id`:128001 for open-end generation.
Setting `pad_token_id` to `eos_token_id`:128001 for open-end generation.
Setting `pad_token_id` to `eos_token_id`:128001 for open-end generation.
Setting `pad_token_id` to `eos_token_id`:128001 for open-end generation.
Setting `pad_token_id` to `eos_token_id`:128001 for open-end generation.
Setting `pad_token_id` to `eos_token_id`:128001 for open-end generation.
Setting `pad_token_id` to `eos_token_id`:128001 for open-end generation.
Setting `pad_token_id` to `eos_token_id`:128001 for open-end generation.
Setting `pad_token_id` to `eos_token_id`:128001 for open-end generation.
Setting `pad_token_id` to `eos_token_id`:128001 for open-end generation.
Setting `pad_token_id` to `eos_token_id`:128001 for open-end generation.
Setting `pad_token_id` to `eos_token_id`:128001 for open-end generation.
Setting `pad_token_id` to `eos_token_id`:128001 for open-end generation.
Setting `pad_token_id` to `eos_token_id`:128001 for open-end generation.
Setting `pad_token_id` to `eos_token_id`:128001 for open-end generation.
Setting `pad_token_id` to `eos_token_id`:128001 for open-end generation.
Setting `pad_token_id` to `eos_token_id`:128001 for open-end generation.
Setting `pad_token_id` to `eos_token_id`:128001 for open-end generation.
Setting `pad_token_id` to `eos_token_id`:128001 for open-end generation.
Setting `pad_token_id` to `eos_token_id`:128001 for open-end generation.
Setting `pad_token_id` to `eos_token_id`:128001 for open-end generation.
Setting `pad_token_id` to `eos_token_id`:128001 for open-end generation.
Setting `pad_token_id` to `eos_token_id`:128001 for open-end generation.
Setting `pad_token_id` to `eos_token_id`:128001 for open-end generation.
Setting `pad_token_id` to `eos_token_id`:128001 for open-end generation.
Setting `pad_token_id` to `eos_token_id`:128001 for open-end generation.
Setting `pad_token_id` to `eos_token_id`:128001 for open-end generation.
Setting `pad_token_id` to `eos_token_id`:128001 for open-end generation.
Setting `pad_token_id` to `eos_token_id`:128001 for open-end generation.
Setting `pad_token_id` to `eos_token_id`:128001 for open-end generation.
Setting `pad_token_id` to `eos_token_id`:128001 for open-end generation.
Setting `pad_token_id` to `eos_token_id`:128001 for open-end generation.
Setting `pad_token_id` to `eos_token_id`:128001 for open-end generation.
Setting `pad_token_id` to `eos_token_id`:128001 for open-end generation.
Setting `pad_token_id` to `eos_token_id`:128001 for open-end generation.
Setting `pad_token_id` to `eos_token_id`:128001 for open-end generation.
Setting `pad_token_id` to `eos_token_id`:128001 for open-end generation.
Setting `pad_token_id` to `eos_token_id`:128001 for open-end generation.
Setting `pad_token_id` to `eos_token_id`:128001 for open-end generation.
Setting `pad_token_id` to `eos_token_id`:128001 for open-end generation.
Setting `pad_token_id` to `eos_token_id`:128001 for open-end generation.
Setting `pad_token_id` to `eos_token_id`:128001 for open-end generation.
Setting `pad_token_id` to `eos_token_id`:128001 for open-end generation.
Setting `pad_token_id` to `eos_token_id`:128001 for open-end generation.
Setting `pad_token_id` to `eos_token_id`:128001 for open-end generation.
Setting `pad_token_id` to `eos_token_id`:128001 for open-end generation.
Setting `pad_token_id` to `eos_token_id`:128001 for open-end generation.
Setting `pad_token_id` to `eos_token_id`:128001 for open-end generation.
Setting `pad_token_id` to `eos_token_id`:128001 for open-end generation.
Setting `pad_token_id` to `eos_token_id`:128001 for open-end generation.
Setting `pad_token_id` to `eos_token_id`:128001 for open-end generation.
Setting `pad_token_id` to `eos_token_id`:128001 for open-end generation.
Setting `pad_token_id` to `eos_token_id`:128001 for open-end generation.
Setting `pad_token_id` to `eos_token_id`:128001 for open-end generation.
Setting `pad_token_id` to `eos_token_id`:128001 for open-end generation.
Setting `pad_token_id` to `eos_token_id`:128001 for open-end generation.
Setting `pad_token_id` to `eos_token_id`:128001 for open-end generation.
Setting `pad_token_id` to `eos_token_id`:128001 for open-end generation.
Setting `pad_token_id` to `eos_token_id`:128001 for open-end generation.
Setting `pad_token_id` to `eos_token_id`:128001 for open-end generation.
Setting `pad_token_id` to `eos_token_id`:128001 for open-end generation.
Setting `pad_token_id` to `eos_token_id`:128001 for open-end generation.
Setting `pad_token_id` to `eos_token_id`:128001 for open-end generation.
Setting `pad_token_id` to `eos_token_id`:128001 for open-end generation.
Setting `pad_token_id` to `eos_token_id`:128001 for open-end generation.
Setting `pad_token_id` to `eos_token_id`:128001 for open-end generation.
Setting `pad_token_id` to `eos_token_id`:128001 for open-end generation.
Setting `pad_token_id` to `eos_token_id`:128001 for open-end generation.
Setting `pad_token_id` to `eos_token_id`:128001 for open-end generation.
Setting `pad_token_id` to `eos_token_id`:128001 for open-end generation.
Setting `pad_token_id` to `eos_token_id`:128001 for open-end generation.
Setting `pad_token_id` to `eos_token_id`:128001 for open-end generation.
Setting `pad_token_id` to `eos_token_id`:128001 for open-end generation.
Setting `pad_token_id` to `eos_token_id`:128001 for open-end generation.
Setting `pad_token_id` to `eos_token_id`:128001 for open-end generation.
Setting `pad_token_id` to `eos_token_id`:128001 for open-end generation.
Setting `pad_token_id` to `eos_token_id`:128001 for open-end generation.
Setting `pad_token_id` to `eos_token_id`:128001 for open-end generation.
Setting `pad_token_id` to `eos_token_id`:128001 for open-end generation.
Setting `pad_token_id` to `eos_token_id`:128001 for open-end generation.
Setting `pad_token_id` to `eos_token_id`:128001 for open-end generation.
Setting `pad_token_id` to `eos_token_id`:128001 for open-end generation.
Setting `pad_token_id` to `eos_token_id`:128001 for open-end generation.
Setting `pad_token_id` to `eos_token_id`:128001 for open-end generation.
Setting `pad_token_id` to `eos_token_id`:128001 for open-end generation.
Setting `pad_token_id` to `eos_token_id`:128001 for open-end generation.
Setting `pad_token_id` to `eos_token_id`:128001 for open-end generation.
Setting `pad_token_id` to `eos_token_id`:128001 for open-end generation.
Setting `pad_token_id` to `eos_token_id`:128001 for open-end generation.
Setting `pad_token_id` to `eos_token_id`:128001 for open-end generation.
Setting `pad_token_id` to `eos_token_id`:128001 for open-end generation.
Setting `pad_token_id` to `eos_token_id`:128001 for open-end generation.
Setting `pad_token_id` to `eos_token_id`:128001 for open-end generation.
Setting `pad_token_id` to `eos_token_id`:128001 for open-end generation.
Setting `pad_token_id` to `eos_token_id`:128001 for open-end generation.
Setting `pad_token_id` to `eos_token_id`:128001 for open-end generation.
Setting `pad_token_id` to `eos_token_id`:128001 for open-end generation.
Setting `pad_token_id` to `eos_token_id`:128001 for open-end generation.
Setting `pad_token_id` to `eos_token_id`:128001 for open-end generation.
Setting `pad_token_id` to `eos_token_id`:128001 for open-end generation.
Setting `pad_token_id` to `eos_token_id`:128001 for open-end generation.
Setting `pad_token_id` to `eos_token_id`:128001 for open-end generation.
Setting `pad_token_id` to `eos_token_id`:128001 for open-end generation.
Setting `pad_token_id` to `eos_token_id`:128001 for open-end generation.
Setting `pad_token_id` to `eos_token_id`:128001 for open-end generation.
Setting `pad_token_id` to `eos_token_id`:128001 for open-end generation.
Setting `pad_token_id` to `eos_token_id`:128001 for open-end generation.
Setting `pad_token_id` to `eos_token_id`:128001 for open-end generation.
Setting `pad_token_id` to `eos_token_id`:128001 for open-end generation.
Setting `pad_token_id` to `eos_token_id`:128001 for open-end generation.
Setting `pad_token_id` to `eos_token_id`:128001 for open-end generation.
Setting `pad_token_id` to `eos_token_id`:128001 for open-end generation.
Setting `pad_token_id` to `eos_token_id`:128001 for open-end generation.
Setting `pad_token_id` to `eos_token_id`:128001 for open-end generation.
Setting `pad_token_id` to `eos_token_id`:128001 for open-end generation.
Setting `pad_token_id` to `eos_token_id`:128001 for open-end generation.
Setting `pad_token_id` to `eos_token_id`:128001 for open-end generation.
Setting `pad_token_id` to `eos_token_id`:128001 for open-end generation.
Setting `pad_token_id` to `eos_token_id`:128001 for open-end generation.
Setting `pad_token_id` to `eos_token_id`:128001 for open-end generation.
Setting `pad_token_id` to `eos_token_id`:128001 for open-end generation.
Setting `pad_token_id` to `eos_token_id`:128001 for open-end generation.
Setting `pad_token_id` to `eos_token_id`:128001 for open-end generation.
Setting `pad_token_id` to `eos_token_id`:128001 for open-end generation.
Setting `pad_token_id` to `eos_token_id`:128001 for open-end generation.
Setting `pad_token_id` to `eos_token_id`:128001 for open-end generation.
Setting `pad_token_id` to `eos_token_id`:128001 for open-end generation.
Setting `pad_token_id` to `eos_token_id`:128001 for open-end generation.
Setting `pad_token_id` to `eos_token_id`:128001 for open-end generation.
Setting `pad_token_id` to `eos_token_id`:128001 for open-end generation.
Setting `pad_token_id` to `eos_token_id`:128001 for open-end generation.
Setting `pad_token_id` to `eos_token_id`:128001 for open-end generation.
Setting `pad_token_id` to `eos_token_id`:128001 for open-end generation.
Setting `pad_token_id` to `eos_token_id`:128001 for open-end generation.
Setting `pad_token_id` to `eos_token_id`:128001 for open-end generation.
Setting `pad_token_id` to `eos_token_id`:128001 for open-end generation.
Setting `pad_token_id` to `eos_token_id`:128001 for open-end generation.
Setting `pad_token_id` to `eos_token_id`:128001 for open-end generation.
Setting `pad_token_id` to `eos_token_id`:128001 for open-end generation.
Setting `pad_token_id` to `eos_token_id`:128001 for open-end generation.
Setting `pad_token_id` to `eos_token_id`:128001 for open-end generation.
Setting `pad_token_id` to `eos_token_id`:128001 for open-end generation.
Setting `pad_token_id` to `eos_token_id`:128001 for open-end generation.
Setting `pad_token_id` to `eos_token_id`:128001 for open-end generation.
Setting `pad_token_id` to `eos_token_id`:128001 for open-end generation.
Setting `pad_token_id` to `eos_token_id`:128001 for open-end generation.
Setting `pad_token_id` to `eos_token_id`:128001 for open-end generation.
Setting `pad_token_id` to `eos_token_id`:128001 for open-end generation.
Setting `pad_token_id` to `eos_token_id`:128001 for open-end generation.
Setting `pad_token_id` to `eos_token_id`:128001 for open-end generation.
Setting `pad_token_id` to `eos_token_id`:128001 for open-end generation.
Setting `pad_token_id` to `eos_token_id`:128001 for open-end generation.
Setting `pad_token_id` to `eos_token_id`:128001 for open-end generation.
Setting `pad_token_id` to `eos_token_id`:128001 for open-end generation.
Setting `pad_token_id` to `eos_token_id`:128001 for open-end generation.
Setting `pad_token_id` to `eos_token_id`:128001 for open-end generation.
Setting `pad_token_id` to `eos_token_id`:128001 for open-end generation.
Setting `pad_token_id` to `eos_token_id`:128001 for open-end generation.
Setting `pad_token_id` to `eos_token_id`:128001 for open-end generation.
Setting `pad_token_id` to `eos_token_id`:128001 for open-end generation.
Setting `pad_token_id` to `eos_token_id`:128001 for open-end generation.
Setting `pad_token_id` to `eos_token_id`:128001 for open-end generation.
Setting `pad_token_id` to `eos_token_id`:128001 for open-end generation.
Setting `pad_token_id` to `eos_token_id`:128001 for open-end generation.
Setting `pad_token_id` to `eos_token_id`:128001 for open-end generation.
Setting `pad_token_id` to `eos_token_id`:128001 for open-end generation.
Setting `pad_token_id` to `eos_token_id`:128001 for open-end generation.
Setting `pad_token_id` to `eos_token_id`:128001 for open-end generation.
Setting `pad_token_id` to `eos_token_id`:128001 for open-end generation.
Setting `pad_token_id` to `eos_token_id`:128001 for open-end generation.
Setting `pad_token_id` to `eos_token_id`:128001 for open-end generation.
Setting `pad_token_id` to `eos_token_id`:128001 for open-end generation.
Setting `pad_token_id` to `eos_token_id`:128001 for open-end generation.
Setting `pad_token_id` to `eos_token_id`:128001 for open-end generation.
Setting `pad_token_id` to `eos_token_id`:128001 for open-end generation.
Setting `pad_token_id` to `eos_token_id`:128001 for open-end generation.
Setting `pad_token_id` to `eos_token_id`:128001 for open-end generation.
Setting `pad_token_id` to `eos_token_id`:128001 for open-end generation.
Setting `pad_token_id` to `eos_token_id`:128001 for open-end generation.
Setting `pad_token_id` to `eos_token_id`:128001 for open-end generation.
Setting `pad_token_id` to `eos_token_id`:128001 for open-end generation.
Setting `pad_token_id` to `eos_token_id`:128001 for open-end generation.
Setting `pad_token_id` to `eos_token_id`:128001 for open-end generation.
Setting `pad_token_id` to `eos_token_id`:128001 for open-end generation.
Setting `pad_token_id` to `eos_token_id`:128001 for open-end generation.
Setting `pad_token_id` to `eos_token_id`:128001 for open-end generation.
Setting `pad_token_id` to `eos_token_id`:128001 for open-end generation.
Setting `pad_token_id` to `eos_token_id`:128001 for open-end generation.
Setting `pad_token_id` to `eos_token_id`:128001 for open-end generation.
Setting `pad_token_id` to `eos_token_id`:128001 for open-end generation.
Setting `pad_token_id` to `eos_token_id`:128001 for open-end generation.
Setting `pad_token_id` to `eos_token_id`:128001 for open-end generation.
Setting `pad_token_id` to `eos_token_id`:128001 for open-end generation.
Setting `pad_token_id` to `eos_token_id`:128001 for open-end generation.
Setting `pad_token_id` to `eos_token_id`:128001 for open-end generation.
Setting `pad_token_id` to `eos_token_id`:128001 for open-end generation.
Setting `pad_token_id` to `eos_token_id`:128001 for open-end generation.
Setting `pad_token_id` to `eos_token_id`:128001 for open-end generation.
Setting `pad_token_id` to `eos_token_id`:128001 for open-end generation.
Setting `pad_token_id` to `eos_token_id`:128001 for open-end generation.
Setting `pad_token_id` to `eos_token_id`:128001 for open-end generation.
Setting `pad_token_id` to `eos_token_id`:128001 for open-end generation.
Setting `pad_token_id` to `eos_token_id`:128001 for open-end generation.
Setting `pad_token_id` to `eos_token_id`:128001 for open-end generation.
Setting `pad_token_id` to `eos_token_id`:128001 for open-end generation.
Setting `pad_token_id` to `eos_token_id`:128001 for open-end generation.
Setting `pad_token_id` to `eos_token_id`:128001 for open-end generation.
Setting `pad_token_id` to `eos_token_id`:128001 for open-end generation.
Setting `pad_token_id` to `eos_token_id`:128001 for open-end generation.
Setting `pad_token_id` to `eos_token_id`:128001 for open-end generation.
Setting `pad_token_id` to `eos_token_id`:128001 for open-end generation.
Setting `pad_token_id` to `eos_token_id`:128001 for open-end generation.
Setting `pad_token_id` to `eos_token_id`:128001 for open-end generation.
Setting `pad_token_id` to `eos_token_id`:128001 for open-end generation.
Setting `pad_token_id` to `eos_token_id`:128001 for open-end generation.
Setting `pad_token_id` to `eos_token_id`:128001 for open-end generation.
Setting `pad_token_id` to `eos_token_id`:128001 for open-end generation.
Setting `pad_token_id` to `eos_token_id`:128001 for open-end generation.
Setting `pad_token_id` to `eos_token_id`:128001 for open-end generation.
Setting `pad_token_id` to `eos_token_id`:128001 for open-end generation.
Setting `pad_token_id` to `eos_token_id`:128001 for open-end generation.
Setting `pad_token_id` to `eos_token_id`:128001 for open-end generation.
Setting `pad_token_id` to `eos_token_id`:128001 for open-end generation.
Setting `pad_token_id` to `eos_token_id`:128001 for open-end generation.
Setting `pad_token_id` to `eos_token_id`:128001 for open-end generation.
Setting `pad_token_id` to `eos_token_id`:128001 for open-end generation.
Setting `pad_token_id` to `eos_token_id`:128001 for open-end generation.
Setting `pad_token_id` to `eos_token_id`:128001 for open-end generation.
Setting `pad_token_id` to `eos_token_id`:128001 for open-end generation.
Setting `pad_token_id` to `eos_token_id`:128001 for open-end generation.
Setting `pad_token_id` to `eos_token_id`:128001 for open-end generation.
Setting `pad_token_id` to `eos_token_id`:128001 for open-end generation.
Setting `pad_token_id` to `eos_token_id`:128001 for open-end generation.
Setting `pad_token_id` to `eos_token_id`:128001 for open-end generation.
Setting `pad_token_id` to `eos_token_id`:128001 for open-end generation.
Setting `pad_token_id` to `eos_token_id`:128001 for open-end generation.
Setting `pad_token_id` to `eos_token_id`:128001 for open-end generation.
Setting `pad_token_id` to `eos_token_id`:128001 for open-end generation.
Setting `pad_token_id` to `eos_token_id`:128001 for open-end generation.
Setting `pad_token_id` to `eos_token_id`:128001 for open-end generation.
Setting `pad_token_id` to `eos_token_id`:128001 for open-end generation.
Setting `pad_token_id` to `eos_token_id`:128001 for open-end generation.
Setting `pad_token_id` to `eos_token_id`:128001 for open-end generation.
Setting `pad_token_id` to `eos_token_id`:128001 for open-end generation.
Setting `pad_token_id` to `eos_token_id`:128001 for open-end generation.
Setting `pad_token_id` to `eos_token_id`:128001 for open-end generation.
Setting `pad_token_id` to `eos_token_id`:128001 for open-end generation.
Setting `pad_token_id` to `eos_token_id`:128001 for open-end generation.
Setting `pad_token_id` to `eos_token_id`:128001 for open-end generation.
Setting `pad_token_id` to `eos_token_id`:128001 for open-end generation.
Setting `pad_token_id` to `eos_token_id`:128001 for open-end generation.
Setting `pad_token_id` to `eos_token_id`:128001 for open-end generation.
Setting `pad_token_id` to `eos_token_id`:128001 for open-end generation.
Setting `pad_token_id` to `eos_token_id`:128001 for open-end generation.
Setting `pad_token_id` to `eos_token_id`:128001 for open-end generation.
Setting `pad_token_id` to `eos_token_id`:128001 for open-end generation.
Setting `pad_token_id` to `eos_token_id`:128001 for open-end generation.
Setting `pad_token_id` to `eos_token_id`:128001 for open-end generation.
Setting `pad_token_id` to `eos_token_id`:128001 for open-end generation.
Setting `pad_token_id` to `eos_token_id`:128001 for open-end generation.
Setting `pad_token_id` to `eos_token_id`:128001 for open-end generation.
Setting `pad_token_id` to `eos_token_id`:128001 for open-end generation.
Setting `pad_token_id` to `eos_token_id`:128001 for open-end generation.
Setting `pad_token_id` to `eos_token_id`:128001 for open-end generation.
Setting `pad_token_id` to `eos_token_id`:128001 for open-end generation.
Setting `pad_token_id` to `eos_token_id`:128001 for open-end generation.
Setting `pad_token_id` to `eos_token_id`:128001 for open-end generation.
Setting `pad_token_id` to `eos_token_id`:128001 for open-end generation.
Setting `pad_token_id` to `eos_token_id`:128001 for open-end generation.
Setting `pad_token_id` to `eos_token_id`:128001 for open-end generation.
Setting `pad_token_id` to `eos_token_id`:128001 for open-end generation.
Setting `pad_token_id` to `eos_token_id`:128001 for open-end generation.
Setting `pad_token_id` to `eos_token_id`:128001 for open-end generation.
Setting `pad_token_id` to `eos_token_id`:128001 for open-end generation.
Setting `pad_token_id` to `eos_token_id`:128001 for open-end generation.
Setting `pad_token_id` to `eos_token_id`:128001 for open-end generation.
Setting `pad_token_id` to `eos_token_id`:128001 for open-end generation.
Setting `pad_token_id` to `eos_token_id`:128001 for open-end generation.
Setting `pad_token_id` to `eos_token_id`:128001 for open-end generation.
Setting `pad_token_id` to `eos_token_id`:128001 for open-end generation.
Setting `pad_token_id` to `eos_token_id`:128001 for open-end generation.
Setting `pad_token_id` to `eos_token_id`:128001 for open-end generation.
Setting `pad_token_id` to `eos_token_id`:128001 for open-end generation.
Setting `pad_token_id` to `eos_token_id`:128001 for open-end generation.
Setting `pad_token_id` to `eos_token_id`:128001 for open-end generation.
Setting `pad_token_id` to `eos_token_id`:128001 for open-end generation.
Setting `pad_token_id` to `eos_token_id`:128001 for open-end generation.
Setting `pad_token_id` to `eos_token_id`:128001 for open-end generation.
Setting `pad_token_id` to `eos_token_id`:128001 for open-end generation.
Setting `pad_token_id` to `eos_token_id`:128001 for open-end generation.
Setting `pad_token_id` to `eos_token_id`:128001 for open-end generation.
Setting `pad_token_id` to `eos_token_id`:128001 for open-end generation.
Setting `pad_token_id` to `eos_token_id`:128001 for open-end generation.
Setting `pad_token_id` to `eos_token_id`:128001 for open-end generation.
Setting `pad_token_id` to `eos_token_id`:128001 for open-end generation.
Setting `pad_token_id` to `eos_token_id`:128001 for open-end generation.
Setting `pad_token_id` to `eos_token_id`:128001 for open-end generation.
Setting `pad_token_id` to `eos_token_id`:128001 for open-end generation.
Setting `pad_token_id` to `eos_token_id`:128001 for open-end generation.
Setting `pad_token_id` to `eos_token_id`:128001 for open-end generation.
Setting `pad_token_id` to `eos_token_id`:128001 for open-end generation.
Setting `pad_token_id` to `eos_token_id`:128001 for open-end generation.
Setting `pad_token_id` to `eos_token_id`:128001 for open-end generation.
Setting `pad_token_id` to `eos_token_id`:128001 for open-end generation.
Setting `pad_token_id` to `eos_token_id`:128001 for open-end generation.
Setting `pad_token_id` to `eos_token_id`:128001 for open-end generation.
Setting `pad_token_id` to `eos_token_id`:128001 for open-end generation.
Setting `pad_token_id` to `eos_token_id`:128001 for open-end generation.
Setting `pad_token_id` to `eos_token_id`:128001 for open-end generation.
Setting `pad_token_id` to `eos_token_id`:128001 for open-end generation.
Setting `pad_token_id` to `eos_token_id`:128001 for open-end generation.
Setting `pad_token_id` to `eos_token_id`:128001 for open-end generation.
Setting `pad_token_id` to `eos_token_id`:128001 for open-end generation.
Setting `pad_token_id` to `eos_token_id`:128001 for open-end generation.
Setting `pad_token_id` to `eos_token_id`:128001 for open-end generation.
Setting `pad_token_id` to `eos_token_id`:128001 for open-end generation.
Setting `pad_token_id` to `eos_token_id`:128001 for open-end generation.
Setting `pad_token_id` to `eos_token_id`:128001 for open-end generation.
Setting `pad_token_id` to `eos_token_id`:128001 for open-end generation.
Setting `pad_token_id` to `eos_token_id`:128001 for open-end generation.
Setting `pad_token_id` to `eos_token_id`:128001 for open-end generation.
Setting `pad_token_id` to `eos_token_id`:128001 for open-end generation.
Setting `pad_token_id` to `eos_token_id`:128001 for open-end generation.
Setting `pad_token_id` to `eos_token_id`:128001 for open-end generation.
Setting `pad_token_id` to `eos_token_id`:128001 for open-end generation.
Setting `pad_token_id` to `eos_token_id`:128001 for open-end generation.
Setting `pad_token_id` to `eos_token_id`:128001 for open-end generation.
Setting `pad_token_id` to `eos_token_id`:128001 for open-end generation.
Setting `pad_token_id` to `eos_token_id`:128001 for open-end generation.
Setting `pad_token_id` to `eos_token_id`:128001 for open-end generation.
Setting `pad_token_id` to `eos_token_id`:128001 for open-end generation.
Setting `pad_token_id` to `eos_token_id`:128001 for open-end generation.
Setting `pad_token_id` to `eos_token_id`:128001 for open-end generation.
Setting `pad_token_id` to `eos_token_id`:128001 for open-end generation.
Setting `pad_token_id` to `eos_token_id`:128001 for open-end generation.
Setting `pad_token_id` to `eos_token_id`:128001 for open-end generation.
Setting `pad_token_id` to `eos_token_id`:128001 for open-end generation.
Setting `pad_token_id` to `eos_token_id`:128001 for open-end generation.
Setting `pad_token_id` to `eos_token_id`:128001 for open-end generation.
Setting `pad_token_id` to `eos_token_id`:128001 for open-end generation.
Setting `pad_token_id` to `eos_token_id`:128001 for open-end generation.
Setting `pad_token_id` to `eos_token_id`:128001 for open-end generation.
Setting `pad_token_id` to `eos_token_id`:128001 for open-end generation.
Setting `pad_token_id` to `eos_token_id`:128001 for open-end generation.
Setting `pad_token_id` to `eos_token_id`:128001 for open-end generation.
Setting `pad_token_id` to `eos_token_id`:128001 for open-end generation.
Setting `pad_token_id` to `eos_token_id`:128001 for open-end generation.
Setting `pad_token_id` to `eos_token_id`:128001 for open-end generation.
Setting `pad_token_id` to `eos_token_id`:128001 for open-end generation.
Setting `pad_token_id` to `eos_token_id`:128001 for open-end generation.
Setting `pad_token_id` to `eos_token_id`:128001 for open-end generation.
Setting `pad_token_id` to `eos_token_id`:128001 for open-end generation.
Setting `pad_token_id` to `eos_token_id`:128001 for open-end generation.
Setting `pad_token_id` to `eos_token_id`:128001 for open-end generation.
Setting `pad_token_id` to `eos_token_id`:128001 for open-end generation.
Setting `pad_token_id` to `eos_token_id`:128001 for open-end generation.
Setting `pad_token_id` to `eos_token_id`:128001 for open-end generation.
Setting `pad_token_id` to `eos_token_id`:128001 for open-end generation.
Setting `pad_token_id` to `eos_token_id`:128001 for open-end generation.
Setting `pad_token_id` to `eos_token_id`:128001 for open-end generation.
Setting `pad_token_id` to `eos_token_id`:128001 for open-end generation.
Setting `pad_token_id` to `eos_token_id`:128001 for open-end generation.
Setting `pad_token_id` to `eos_token_id`:128001 for open-end generation.
Setting `pad_token_id` to `eos_token_id`:128001 for open-end generation.
Setting `pad_token_id` to `eos_token_id`:128001 for open-end generation.
Setting `pad_token_id` to `eos_token_id`:128001 for open-end generation.
Setting `pad_token_id` to `eos_token_id`:128001 for open-end generation.
Setting `pad_token_id` to `eos_token_id`:128001 for open-end generation.
Setting `pad_token_id` to `eos_token_id`:128001 for open-end generation.
Setting `pad_token_id` to `eos_token_id`:128001 for open-end generation.
Setting `pad_token_id` to `eos_token_id`:128001 for open-end generation.
Setting `pad_token_id` to `eos_token_id`:128001 for open-end generation.
Setting `pad_token_id` to `eos_token_id`:128001 for open-end generation.
Setting `pad_token_id` to `eos_token_id`:128001 for open-end generation.
Setting `pad_token_id` to `eos_token_id`:128001 for open-end generation.
Setting `pad_token_id` to `eos_token_id`:128001 for open-end generation.
Setting `pad_token_id` to `eos_token_id`:128001 for open-end generation.
Setting `pad_token_id` to `eos_token_id`:128001 for open-end generation.
Setting `pad_token_id` to `eos_token_id`:128001 for open-end generation.
Setting `pad_token_id` to `eos_token_id`:128001 for open-end generation.
Setting `pad_token_id` to `eos_token_id`:128001 for open-end generation.
Setting `pad_token_id` to `eos_token_id`:128001 for open-end generation.
Setting `pad_token_id` to `eos_token_id`:128001 for open-end generation.
Setting `pad_token_id` to `eos_token_id`:128001 for open-end generation.
Setting `pad_token_id` to `eos_token_id`:128001 for open-end generation.
Setting `pad_token_id` to `eos_token_id`:128001 for open-end generation.
Setting `pad_token_id` to `eos_token_id`:128001 for open-end generation.
Setting `pad_token_id` to `eos_token_id`:128001 for open-end generation.
Setting `pad_token_id` to `eos_token_id`:128001 for open-end generation.
Setting `pad_token_id` to `eos_token_id`:128001 for open-end generation.
Setting `pad_token_id` to `eos_token_id`:128001 for open-end generation.
Setting `pad_token_id` to `eos_token_id`:128001 for open-end generation.
Setting `pad_token_id` to `eos_token_id`:128001 for open-end generation.
Setting `pad_token_id` to `eos_token_id`:128001 for open-end generation.
Setting `pad_token_id` to `eos_token_id`:128001 for open-end generation.
Setting `pad_token_id` to `eos_token_id`:128001 for open-end generation.
Setting `pad_token_id` to `eos_token_id`:128001 for open-end generation.
Setting `pad_token_id` to `eos_token_id`:128001 for open-end generation.
Setting `pad_token_id` to `eos_token_id`:128001 for open-end generation.
Setting `pad_token_id` to `eos_token_id`:128001 for open-end generation.
Setting `pad_token_id` to `eos_token_id`:128001 for open-end generation.
Setting `pad_token_id` to `eos_token_id`:128001 for open-end generation.
Setting `pad_token_id` to `eos_token_id`:128001 for open-end generation.
Setting `pad_token_id` to `eos_token_id`:128001 for open-end generation.
Setting `pad_token_id` to `eos_token_id`:128001 for open-end generation.
Setting `pad_token_id` to `eos_token_id`:128001 for open-end generation.
Setting `pad_token_id` to `eos_token_id`:128001 for open-end generation.
Setting `pad_token_id` to `eos_token_id`:128001 for open-end generation.
Setting `pad_token_id` to `eos_token_id`:128001 for open-end generation.
Setting `pad_token_id` to `eos_token_id`:128001 for open-end generation.
Setting `pad_token_id` to `eos_token_id`:128001 for open-end generation.
Setting `pad_token_id` to `eos_token_id`:128001 for open-end generation.
Setting `pad_token_id` to `eos_token_id`:128001 for open-end generation.
Setting `pad_token_id` to `eos_token_id`:128001 for open-end generation.
Setting `pad_token_id` to `eos_token_id`:128001 for open-end generation.
Setting `pad_token_id` to `eos_token_id`:128001 for open-end generation.
Setting `pad_token_id` to `eos_token_id`:128001 for open-end generation.
Setting `pad_token_id` to `eos_token_id`:128001 for open-end generation.
Setting `pad_token_id` to `eos_token_id`:128001 for open-end generation.
Setting `pad_token_id` to `eos_token_id`:128001 for open-end generation.
Setting `pad_token_id` to `eos_token_id`:128001 for open-end generation.
Setting `pad_token_id` to `eos_token_id`:128001 for open-end generation.
Setting `pad_token_id` to `eos_token_id`:128001 for open-end generation.
Setting `pad_token_id` to `eos_token_id`:128001 for open-end generation.
Setting `pad_token_id` to `eos_token_id`:128001 for open-end generation.
Setting `pad_token_id` to `eos_token_id`:128001 for open-end generation.
Setting `pad_token_id` to `eos_token_id`:128001 for open-end generation.
Setting `pad_token_id` to `eos_token_id`:128001 for open-end generation.
Setting `pad_token_id` to `eos_token_id`:128001 for open-end generation.
Setting `pad_token_id` to `eos_token_id`:128001 for open-end generation.
Setting `pad_token_id` to `eos_token_id`:128001 for open-end generation.
Setting `pad_token_id` to `eos_token_id`:128001 for open-end generation.
Setting `pad_token_id` to `eos_token_id`:128001 for open-end generation.
Setting `pad_token_id` to `eos_token_id`:128001 for open-end generation.
Setting `pad_token_id` to `eos_token_id`:128001 for open-end generation.
Setting `pad_token_id` to `eos_token_id`:128001 for open-end generation.
Setting `pad_token_id` to `eos_token_id`:128001 for open-end generation.
Setting `pad_token_id` to `eos_token_id`:128001 for open-end generation.
Setting `pad_token_id` to `eos_token_id`:128001 for open-end generation.
Setting `pad_token_id` to `eos_token_id`:128001 for open-end generation.
Setting `pad_token_id` to `eos_token_id`:128001 for open-end generation.
Setting `pad_token_id` to `eos_token_id`:128001 for open-end generation.
Setting `pad_token_id` to `eos_token_id`:128001 for open-end generation.
Setting `pad_token_id` to `eos_token_id`:128001 for open-end generation.
Setting `pad_token_id` to `eos_token_id`:128001 for open-end generation.
Setting `pad_token_id` to `eos_token_id`:128001 for open-end generation.
Setting `pad_token_id` to `eos_token_id`:128001 for open-end generation.
Setting `pad_token_id` to `eos_token_id`:128001 for open-end generation.
Setting `pad_token_id` to `eos_token_id`:128001 for open-end generation.
Setting `pad_token_id` to `eos_token_id`:128001 for open-end generation.
Setting `pad_token_id` to `eos_token_id`:128001 for open-end generation.
Setting `pad_token_id` to `eos_token_id`:128001 for open-end generation.
Setting `pad_token_id` to `eos_token_id`:128001 for open-end generation.
Setting `pad_token_id` to `eos_token_id`:128001 for open-end generation.
Setting `pad_token_id` to `eos_token_id`:128001 for open-end generation.
Setting `pad_token_id` to `eos_token_id`:128001 for open-end generation.
Setting `pad_token_id` to `eos_token_id`:128001 for open-end generation.
Setting `pad_token_id` to `eos_token_id`:128001 for open-end generation.
Setting `pad_token_id` to `eos_token_id`:128001 for open-end generation.
Setting `pad_token_id` to `eos_token_id`:128001 for open-end generation.
Setting `pad_token_id` to `eos_token_id`:128001 for open-end generation.
Setting `pad_token_id` to `eos_token_id`:128001 for open-end generation.
Setting `pad_token_id` to `eos_token_id`:128001 for open-end generation.
Setting `pad_token_id` to `eos_token_id`:128001 for open-end generation.
Setting `pad_token_id` to `eos_token_id`:128001 for open-end generation.
Setting `pad_token_id` to `eos_token_id`:128001 for open-end generation.
Setting `pad_token_id` to `eos_token_id`:128001 for open-end generation.
Setting `pad_token_id` to `eos_token_id`:128001 for open-end generation.
Setting `pad_token_id` to `eos_token_id`:128001 for open-end generation.
Setting `pad_token_id` to `eos_token_id`:128001 for open-end generation.
Setting `pad_token_id` to `eos_token_id`:128001 for open-end generation.
Setting `pad_token_id` to `eos_token_id`:128001 for open-end generation.
Setting `pad_token_id` to `eos_token_id`:128001 for open-end generation.
Setting `pad_token_id` to `eos_token_id`:128001 for open-end generation.
Setting `pad_token_id` to `eos_token_id`:128001 for open-end generation.
Setting `pad_token_id` to `eos_token_id`:128001 for open-end generation.
Setting `pad_token_id` to `eos_token_id`:128001 for open-end generation.
Setting `pad_token_id` to `eos_token_id`:128001 for open-end generation.
Setting `pad_token_id` to `eos_token_id`:128001 for open-end generation.
Setting `pad_token_id` to `eos_token_id`:128001 for open-end generation.
Setting `pad_token_id` to `eos_token_id`:128001 for open-end generation.
Setting `pad_token_id` to `eos_token_id`:128001 for open-end generation.
Setting `pad_token_id` to `eos_token_id`:128001 for open-end generation.
Setting `pad_token_id` to `eos_token_id`:128001 for open-end generation.
Setting `pad_token_id` to `eos_token_id`:128001 for open-end generation.
Setting `pad_token_id` to `eos_token_id`:128001 for open-end generation.
Setting `pad_token_id` to `eos_token_id`:128001 for open-end generation.
Setting `pad_token_id` to `eos_token_id`:128001 for open-end generation.
Setting `pad_token_id` to `eos_token_id`:128001 for open-end generation.
Setting `pad_token_id` to `eos_token_id`:128001 for open-end generation.
Setting `pad_token_id` to `eos_token_id`:128001 for open-end generation.
Setting `pad_token_id` to `eos_token_id`:128001 for open-end generation.
Setting `pad_token_id` to `eos_token_id`:128001 for open-end generation.
Setting `pad_token_id` to `eos_token_id`:128001 for open-end generation.
Setting `pad_token_id` to `eos_token_id`:128001 for open-end generation.
Setting `pad_token_id` to `eos_token_id`:128001 for open-end generation.
Setting `pad_token_id` to `eos_token_id`:128001 for open-end generation.
Setting `pad_token_id` to `eos_token_id`:128001 for open-end generation.
Setting `pad_token_id` to `eos_token_id`:128001 for open-end generation.
Setting `pad_token_id` to `eos_token_id`:128001 for open-end generation.
Setting `pad_token_id` to `eos_token_id`:128001 for open-end generation.
Setting `pad_token_id` to `eos_token_id`:128001 for open-end generation.
Setting `pad_token_id` to `eos_token_id`:128001 for open-end generation.
Setting `pad_token_id` to `eos_token_id`:128001 for open-end generation.
Setting `pad_token_id` to `eos_token_id`:128001 for open-end generation.
Setting `pad_token_id` to `eos_token_id`:128001 for open-end generation.
Setting `pad_token_id` to `eos_token_id`:128001 for open-end generation.
Setting `pad_token_id` to `eos_token_id`:128001 for open-end generation.
Setting `pad_token_id` to `eos_token_id`:128001 for open-end generation.
Setting `pad_token_id` to `eos_token_id`:128001 for open-end generation.
Setting `pad_token_id` to `eos_token_id`:128001 for open-end generation.
Setting `pad_token_id` to `eos_token_id`:128001 for open-end generation.
Setting `pad_token_id` to `eos_token_id`:128001 for open-end generation.
Setting `pad_token_id` to `eos_token_id`:128001 for open-end generation.
Setting `pad_token_id` to `eos_token_id`:128001 for open-end generation.
Setting `pad_token_id` to `eos_token_id`:128001 for open-end generation.
Setting `pad_token_id` to `eos_token_id`:128001 for open-end generation.
Setting `pad_token_id` to `eos_token_id`:128001 for open-end generation.
Setting `pad_token_id` to `eos_token_id`:128001 for open-end generation.
Setting `pad_token_id` to `eos_token_id`:128001 for open-end generation.
Setting `pad_token_id` to `eos_token_id`:128001 for open-end generation.
Setting `pad_token_id` to `eos_token_id`:128001 for open-end generation.
Setting `pad_token_id` to `eos_token_id`:128001 for open-end generation.
Setting `pad_token_id` to `eos_token_id`:128001 for open-end generation.
Setting `pad_token_id` to `eos_token_id`:128001 for open-end generation.
Setting `pad_token_id` to `eos_token_id`:128001 for open-end generation.
Setting `pad_token_id` to `eos_token_id`:128001 for open-end generation.
Setting `pad_token_id` to `eos_token_id`:128001 for open-end generation.
Setting `pad_token_id` to `eos_token_id`:128001 for open-end generation.
Setting `pad_token_id` to `eos_token_id`:128001 for open-end generation.
Setting `pad_token_id` to `eos_token_id`:128001 for open-end generation.
Setting `pad_token_id` to `eos_token_id`:128001 for open-end generation.
Setting `pad_token_id` to `eos_token_id`:128001 for open-end generation.
Setting `pad_token_id` to `eos_token_id`:128001 for open-end generation.
Setting `pad_token_id` to `eos_token_id`:128001 for open-end generation.
Setting `pad_token_id` to `eos_token_id`:128001 for open-end generation.
Setting `pad_token_id` to `eos_token_id`:128001 for open-end generation.
Setting `pad_token_id` to `eos_token_id`:128001 for open-end generation.
Setting `pad_token_id` to `eos_token_id`:128001 for open-end generation.
Setting `pad_token_id` to `eos_token_id`:128001 for open-end generation.
Setting `pad_token_id` to `eos_token_id`:128001 for open-end generation.
Setting `pad_token_id` to `eos_token_id`:128001 for open-end generation.
Setting `pad_token_id` to `eos_token_id`:128001 for open-end generation.
Setting `pad_token_id` to `eos_token_id`:128001 for open-end generation.
Setting `pad_token_id` to `eos_token_id`:128001 for open-end generation.
Setting `pad_token_id` to `eos_token_id`:128001 for open-end generation.
Setting `pad_token_id` to `eos_token_id`:128001 for open-end generation.
Setting `pad_token_id` to `eos_token_id`:128001 for open-end generation.
Setting `pad_token_id` to `eos_token_id`:128001 for open-end generation.
Setting `pad_token_id` to `eos_token_id`:128001 for open-end generation.
Setting `pad_token_id` to `eos_token_id`:128001 for open-end generation.
Setting `pad_token_id` to `eos_token_id`:128001 for open-end generation.
Setting `pad_token_id` to `eos_token_id`:128001 for open-end generation.
Setting `pad_token_id` to `eos_token_id`:128001 for open-end generation.
Setting `pad_token_id` to `eos_token_id`:128001 for open-end generation.
Setting `pad_token_id` to `eos_token_id`:128001 for open-end generation.
Setting `pad_token_id` to `eos_token_id`:128001 for open-end generation.
Setting `pad_token_id` to `eos_token_id`:128001 for open-end generation.
Setting `pad_token_id` to `eos_token_id`:128001 for open-end generation.
Setting `pad_token_id` to `eos_token_id`:128001 for open-end generation.
Setting `pad_token_id` to `eos_token_id`:128001 for open-end generation.
Setting `pad_token_id` to `eos_token_id`:128001 for open-end generation.
Setting `pad_token_id` to `eos_token_id`:128001 for open-end generation.
Setting `pad_token_id` to `eos_token_id`:128001 for open-end generation.
Setting `pad_token_id` to `eos_token_id`:128001 for open-end generation.
Setting `pad_token_id` to `eos_token_id`:128001 for open-end generation.
Setting `pad_token_id` to `eos_token_id`:128001 for open-end generation.
Setting `pad_token_id` to `eos_token_id`:128001 for open-end generation.
Setting `pad_token_id` to `eos_token_id`:128001 for open-end generation.
Setting `pad_token_id` to `eos_token_id`:128001 for open-end generation.
Setting `pad_token_id` to `eos_token_id`:128001 for open-end generation.
Setting `pad_token_id` to `eos_token_id`:128001 for open-end generation.
Setting `pad_token_id` to `eos_token_id`:128001 for open-end generation.
Setting `pad_token_id` to `eos_token_id`:128001 for open-end generation.
Setting `pad_token_id` to `eos_token_id`:128001 for open-end generation.
Setting `pad_token_id` to `eos_token_id`:128001 for open-end generation.
Setting `pad_token_id` to `eos_token_id`:128001 for open-end generation.
Setting `pad_token_id` to `eos_token_id`:128001 for open-end generation.
Setting `pad_token_id` to `eos_token_id`:128001 for open-end generation.
Setting `pad_token_id` to `eos_token_id`:128001 for open-end generation.
Setting `pad_token_id` to `eos_token_id`:128001 for open-end generation.
Setting `pad_token_id` to `eos_token_id`:128001 for open-end generation.
Setting `pad_token_id` to `eos_token_id`:128001 for open-end generation.
Setting `pad_token_id` to `eos_token_id`:128001 for open-end generation.
Setting `pad_token_id` to `eos_token_id`:128001 for open-end generation.
Setting `pad_token_id` to `eos_token_id`:128001 for open-end generation.
Setting `pad_token_id` to `eos_token_id`:128001 for open-end generation.
Setting `pad_token_id` to `eos_token_id`:128001 for open-end generation.
Setting `pad_token_id` to `eos_token_id`:128001 for open-end generation.
Setting `pad_token_id` to `eos_token_id`:128001 for open-end generation.
Setting `pad_token_id` to `eos_token_id`:128001 for open-end generation.
Setting `pad_token_id` to `eos_token_id`:128001 for open-end generation.
Setting `pad_token_id` to `eos_token_id`:128001 for open-end generation.
Setting `pad_token_id` to `eos_token_id`:128001 for open-end generation.
Setting `pad_token_id` to `eos_token_id`:128001 for open-end generation.
Setting `pad_token_id` to `eos_token_id`:128001 for open-end generation.
Setting `pad_token_id` to `eos_token_id`:128001 for open-end generation.
Setting `pad_token_id` to `eos_token_id`:128001 for open-end generation.
Setting `pad_token_id` to `eos_token_id`:128001 for open-end generation.
Setting `pad_token_id` to `eos_token_id`:128001 for open-end generation.
Setting `pad_token_id` to `eos_token_id`:128001 for open-end generation.
Setting `pad_token_id` to `eos_token_id`:128001 for open-end generation.
Setting `pad_token_id` to `eos_token_id`:128001 for open-end generation.
Setting `pad_token_id` to `eos_token_id`:128001 for open-end generation.
Setting `pad_token_id` to `eos_token_id`:128001 for open-end generation.
Setting `pad_token_id` to `eos_token_id`:128001 for open-end generation.
Setting `pad_token_id` to `eos_token_id`:128001 for open-end generation.
Setting `pad_token_id` to `eos_token_id`:128001 for open-end generation.
Setting `pad_token_id` to `eos_token_id`:128001 for open-end generation.
Setting `pad_token_id` to `eos_token_id`:128001 for open-end generation.
Setting `pad_token_id` to `eos_token_id`:128001 for open-end generation.
Setting `pad_token_id` to `eos_token_id`:128001 for open-end generation.
Setting `pad_token_id` to `eos_token_id`:128001 for open-end generation.
Setting `pad_token_id` to `eos_token_id`:128001 for open-end generation.
Setting `pad_token_id` to `eos_token_id`:128001 for open-end generation.
Setting `pad_token_id` to `eos_token_id`:128001 for open-end generation.
Setting `pad_token_id` to `eos_token_id`:128001 for open-end generation.
Setting `pad_token_id` to `eos_token_id`:128001 for open-end generation.
Setting `pad_token_id` to `eos_token_id`:128001 for open-end generation.
Setting `pad_token_id` to `eos_token_id`:128001 for open-end generation.
Setting `pad_token_id` to `eos_token_id`:128001 for open-end generation.
Setting `pad_token_id` to `eos_token_id`:128001 for open-end generation.
Setting `pad_token_id` to `eos_token_id`:128001 for open-end generation.
Setting `pad_token_id` to `eos_token_id`:128001 for open-end generation.
Setting `pad_token_id` to `eos_token_id`:128001 for open-end generation.
Setting `pad_token_id` to `eos_token_id`:128001 for open-end generation.
Setting `pad_token_id` to `eos_token_id`:128001 for open-end generation.
Setting `pad_token_id` to `eos_token_id`:128001 for open-end generation.
Setting `pad_token_id` to `eos_token_id`:128001 for open-end generation.
Setting `pad_token_id` to `eos_token_id`:128001 for open-end generation.
Setting `pad_token_id` to `eos_token_id`:128001 for open-end generation.
Setting `pad_token_id` to `eos_token_id`:128001 for open-end generation.
Setting `pad_token_id` to `eos_token_id`:128001 for open-end generation.
Setting `pad_token_id` to `eos_token_id`:128001 for open-end generation.
Setting `pad_token_id` to `eos_token_id`:128001 for open-end generation.
Setting `pad_token_id` to `eos_token_id`:128001 for open-end generation.
Setting `pad_token_id` to `eos_token_id`:128001 for open-end generation.
Setting `pad_token_id` to `eos_token_id`:128001 for open-end generation.
Setting `pad_token_id` to `eos_token_id`:128001 for open-end generation.
Setting `pad_token_id` to `eos_token_id`:128001 for open-end generation.
Setting `pad_token_id` to `eos_token_id`:128001 for open-end generation.
Setting `pad_token_id` to `eos_token_id`:128001 for open-end generation.
Setting `pad_token_id` to `eos_token_id`:128001 for open-end generation.
Setting `pad_token_id` to `eos_token_id`:128001 for open-end generation.
Setting `pad_token_id` to `eos_token_id`:128001 for open-end generation.
Setting `pad_token_id` to `eos_token_id`:128001 for open-end generation.
Setting `pad_token_id` to `eos_token_id`:128001 for open-end generation.
Setting `pad_token_id` to `eos_token_id`:128001 for open-end generation.
Setting `pad_token_id` to `eos_token_id`:128001 for open-end generation.
Setting `pad_token_id` to `eos_token_id`:128001 for open-end generation.
Setting `pad_token_id` to `eos_token_id`:128001 for open-end generation.
Setting `pad_token_id` to `eos_token_id`:128001 for open-end generation.
Setting `pad_token_id` to `eos_token_id`:128001 for open-end generation.
Setting `pad_token_id` to `eos_token_id`:128001 for open-end generation.
Setting `pad_token_id` to `eos_token_id`:128001 for open-end generation.
Setting `pad_token_id` to `eos_token_id`:128001 for open-end generation.
Setting `pad_token_id` to `eos_token_id`:128001 for open-end generation.
Setting `pad_token_id` to `eos_token_id`:128001 for open-end generation.
Setting `pad_token_id` to `eos_token_id`:128001 for open-end generation.
Setting `pad_token_id` to `eos_token_id`:128001 for open-end generation.
Setting `pad_token_id` to `eos_token_id`:128001 for open-end generation.
Setting `pad_token_id` to `eos_token_id`:128001 for open-end generation.
Setting `pad_token_id` to `eos_token_id`:128001 for open-end generation.
Setting `pad_token_id` to `eos_token_id`:128001 for open-end generation.
Setting `pad_token_id` to `eos_token_id`:128001 for open-end generation.
Setting `pad_token_id` to `eos_token_id`:128001 for open-end generation.
Setting `pad_token_id` to `eos_token_id`:128001 for open-end generation.
Setting `pad_token_id` to `eos_token_id`:128001 for open-end generation.
Setting `pad_token_id` to `eos_token_id`:128001 for open-end generation.
Setting `pad_token_id` to `eos_token_id`:128001 for open-end generation.
Setting `pad_token_id` to `eos_token_id`:128001 for open-end generation.
Setting `pad_token_id` to `eos_token_id`:128001 for open-end generation.
Setting `pad_token_id` to `eos_token_id`:128001 for open-end generation.
Setting `pad_token_id` to `eos_token_id`:128001 for open-end generation.
Setting `pad_token_id` to `eos_token_id`:128001 for open-end generation.
Setting `pad_token_id` to `eos_token_id`:128001 for open-end generation.
Setting `pad_token_id` to `eos_token_id`:128001 for open-end generation.
Setting `pad_token_id` to `eos_token_id`:128001 for open-end generation.
Setting `pad_token_id` to `eos_token_id`:128001 for open-end generation.
Setting `pad_token_id` to `eos_token_id`:128001 for open-end generation.
Setting `pad_token_id` to `eos_token_id`:128001 for open-end generation.
Setting `pad_token_id` to `eos_token_id`:128001 for open-end generation.
Setting `pad_token_id` to `eos_token_id`:128001 for open-end generation.
Setting `pad_token_id` to `eos_token_id`:128001 for open-end generation.
Setting `pad_token_id` to `eos_token_id`:128001 for open-end generation.
Setting `pad_token_id` to `eos_token_id`:128001 for open-end generation.
Setting `pad_token_id` to `eos_token_id`:128001 for open-end generation.
Setting `pad_token_id` to `eos_token_id`:128001 for open-end generation.
Setting `pad_token_id` to `eos_token_id`:128001 for open-end generation.
Setting `pad_token_id` to `eos_token_id`:128001 for open-end generation.
Setting `pad_token_id` to `eos_token_id`:128001 for open-end generation.
Setting `pad_token_id` to `eos_token_id`:128001 for open-end generation.
Setting `pad_token_id` to `eos_token_id`:128001 for open-end generation.
Setting `pad_token_id` to `eos_token_id`:128001 for open-end generation.
Setting `pad_token_id` to `eos_token_id`:128001 for open-end generation.
Setting `pad_token_id` to `eos_token_id`:128001 for open-end generation.
Setting `pad_token_id` to `eos_token_id`:128001 for open-end generation.
Setting `pad_token_id` to `eos_token_id`:128001 for open-end generation.
Setting `pad_token_id` to `eos_token_id`:128001 for open-end generation.
Setting `pad_token_id` to `eos_token_id`:128001 for open-end generation.
Setting `pad_token_id` to `eos_token_id`:128001 for open-end generation.
Setting `pad_token_id` to `eos_token_id`:128001 for open-end generation.
Setting `pad_token_id` to `eos_token_id`:128001 for open-end generation.
Setting `pad_token_id` to `eos_token_id`:128001 for open-end generation.
Setting `pad_token_id` to `eos_token_id`:128001 for open-end generation.
Setting `pad_token_id` to `eos_token_id`:128001 for open-end generation.
Setting `pad_token_id` to `eos_token_id`:128001 for open-end generation.
Setting `pad_token_id` to `eos_token_id`:128001 for open-end generation.
Setting `pad_token_id` to `eos_token_id`:128001 for open-end generation.
Setting `pad_token_id` to `eos_token_id`:128001 for open-end generation.
Setting `pad_token_id` to `eos_token_id`:128001 for open-end generation.
Setting `pad_token_id` to `eos_token_id`:128001 for open-end generation.
Setting `pad_token_id` to `eos_token_id`:128001 for open-end generation.
Setting `pad_token_id` to `eos_token_id`:128001 for open-end generation.
Setting `pad_token_id` to `eos_token_id`:128001 for open-end generation.
Setting `pad_token_id` to `eos_token_id`:128001 for open-end generation.
Setting `pad_token_id` to `eos_token_id`:128001 for open-end generation.
Setting `pad_token_id` to `eos_token_id`:128001 for open-end generation.
Setting `pad_token_id` to `eos_token_id`:128001 for open-end generation.
Setting `pad_token_id` to `eos_token_id`:128001 for open-end generation.
Setting `pad_token_id` to `eos_token_id`:128001 for open-end generation.
Setting `pad_token_id` to `eos_token_id`:128001 for open-end generation.
Setting `pad_token_id` to `eos_token_id`:128001 for open-end generation.
Setting `pad_token_id` to `eos_token_id`:128001 for open-end generation.
Setting `pad_token_id` to `eos_token_id`:128001 for open-end generation.
Setting `pad_token_id` to `eos_token_id`:128001 for open-end generation.
Setting `pad_token_id` to `eos_token_id`:128001 for open-end generation.
Setting `pad_token_id` to `eos_token_id`:128001 for open-end generation.
Setting `pad_token_id` to `eos_token_id`:128001 for open-end generation.
Setting `pad_token_id` to `eos_token_id`:128001 for open-end generation.
Setting `pad_token_id` to `eos_token_id`:128001 for open-end generation.
Setting `pad_token_id` to `eos_token_id`:128001 for open-end generation.
Setting `pad_token_id` to `eos_token_id`:128001 for open-end generation.
Setting `pad_token_id` to `eos_token_id`:128001 for open-end generation.
Setting `pad_token_id` to `eos_token_id`:128001 for open-end generation.
Setting `pad_token_id` to `eos_token_id`:128001 for open-end generation.
Setting `pad_token_id` to `eos_token_id`:128001 for open-end generation.
Setting `pad_token_id` to `eos_token_id`:128001 for open-end generation.
Setting `pad_token_id` to `eos_token_id`:128001 for open-end generation.
Setting `pad_token_id` to `eos_token_id`:128001 for open-end generation.
Setting `pad_token_id` to `eos_token_id`:128001 for open-end generation.
Setting `pad_token_id` to `eos_token_id`:128001 for open-end generation.
Setting `pad_token_id` to `eos_token_id`:128001 for open-end generation.
Setting `pad_token_id` to `eos_token_id`:128001 for open-end generation.
Setting `pad_token_id` to `eos_token_id`:128001 for open-end generation.
Setting `pad_token_id` to `eos_token_id`:128001 for open-end generation.
Setting `pad_token_id` to `eos_token_id`:128001 for open-end generation.
Setting `pad_token_id` to `eos_token_id`:128001 for open-end generation.
Setting `pad_token_id` to `eos_token_id`:128001 for open-end generation.
Setting `pad_token_id` to `eos_token_id`:128001 for open-end generation.
Setting `pad_token_id` to `eos_token_id`:128001 for open-end generation.
Setting `pad_token_id` to `eos_token_id`:128001 for open-end generation.
Setting `pad_token_id` to `eos_token_id`:128001 for open-end generation.
Setting `pad_token_id` to `eos_token_id`:128001 for open-end generation.
Setting `pad_token_id` to `eos_token_id`:128001 for open-end generation.
Setting `pad_token_id` to `eos_token_id`:128001 for open-end generation.
Setting `pad_token_id` to `eos_token_id`:128001 for open-end generation.
Setting `pad_token_id` to `eos_token_id`:128001 for open-end generation.
Setting `pad_token_id` to `eos_token_id`:128001 for open-end generation.
Setting `pad_token_id` to `eos_token_id`:128001 for open-end generation.
Setting `pad_token_id` to `eos_token_id`:128001 for open-end generation.
Setting `pad_token_id` to `eos_token_id`:128001 for open-end generation.
Setting `pad_token_id` to `eos_token_id`:128001 for open-end generation.
Setting `pad_token_id` to `eos_token_id`:128001 for open-end generation.
Setting `pad_token_id` to `eos_token_id`:128001 for open-end generation.
Setting `pad_token_id` to `eos_token_id`:128001 for open-end generation.
Setting `pad_token_id` to `eos_token_id`:128001 for open-end generation.
Setting `pad_token_id` to `eos_token_id`:128001 for open-end generation.
Setting `pad_token_id` to `eos_token_id`:128001 for open-end generation.
Setting `pad_token_id` to `eos_token_id`:128001 for open-end generation.
Setting `pad_token_id` to `eos_token_id`:128001 for open-end generation.
Setting `pad_token_id` to `eos_token_id`:128001 for open-end generation.
Setting `pad_token_id` to `eos_token_id`:128001 for open-end generation.
Setting `pad_token_id` to `eos_token_id`:128001 for open-end generation.
Setting `pad_token_id` to `eos_token_id`:128001 for open-end generation.
Setting `pad_token_id` to `eos_token_id`:128001 for open-end generation.
Setting `pad_token_id` to `eos_token_id`:128001 for open-end generation.
Setting `pad_token_id` to `eos_token_id`:128001 for open-end generation.
Setting `pad_token_id` to `eos_token_id`:128001 for open-end generation.
Setting `pad_token_id` to `eos_token_id`:128001 for open-end generation.
Setting `pad_token_id` to `eos_token_id`:128001 for open-end generation.
Setting `pad_token_id` to `eos_token_id`:128001 for open-end generation.
Setting `pad_token_id` to `eos_token_id`:128001 for open-end generation.
Setting `pad_token_id` to `eos_token_id`:128001 for open-end generation.
Setting `pad_token_id` to `eos_token_id`:128001 for open-end generation.
Setting `pad_token_id` to `eos_token_id`:128001 for open-end generation.
Setting `pad_token_id` to `eos_token_id`:128001 for open-end generation.
Setting `pad_token_id` to `eos_token_id`:128001 for open-end generation.
Setting `pad_token_id` to `eos_token_id`:128001 for open-end generation.
Setting `pad_token_id` to `eos_token_id`:128001 for open-end generation.
Setting `pad_token_id` to `eos_token_id`:128001 for open-end generation.
Setting `pad_token_id` to `eos_token_id`:128001 for open-end generation.
Setting `pad_token_id` to `eos_token_id`:128001 for open-end generation.
Setting `pad_token_id` to `eos_token_id`:128001 for open-end generation.
Setting `pad_token_id` to `eos_token_id`:128001 for open-end generation.
Setting `pad_token_id` to `eos_token_id`:128001 for open-end generation.
Setting `pad_token_id` to `eos_token_id`:128001 for open-end generation.
Setting `pad_token_id` to `eos_token_id`:128001 for open-end generation.
Setting `pad_token_id` to `eos_token_id`:128001 for open-end generation.
Setting `pad_token_id` to `eos_token_id`:128001 for open-end generation.
Setting `pad_token_id` to `eos_token_id`:128001 for open-end generation.
Setting `pad_token_id` to `eos_token_id`:128001 for open-end generation.
Setting `pad_token_id` to `eos_token_id`:128001 for open-end generation.
Setting `pad_token_id` to `eos_token_id`:128001 for open-end generation.
Setting `pad_token_id` to `eos_token_id`:128001 for open-end generation.
Setting `pad_token_id` to `eos_token_id`:128001 for open-end generation.
Setting `pad_token_id` to `eos_token_id`:128001 for open-end generation.
Setting `pad_token_id` to `eos_token_id`:128001 for open-end generation.
Setting `pad_token_id` to `eos_token_id`:128001 for open-end generation.
Setting `pad_token_id` to `eos_token_id`:128001 for open-end generation.
Setting `pad_token_id` to `eos_token_id`:128001 for open-end generation.
Setting `pad_token_id` to `eos_token_id`:128001 for open-end generation.
Setting `pad_token_id` to `eos_token_id`:128001 for open-end generation.
Setting `pad_token_id` to `eos_token_id`:128001 for open-end generation.
Setting `pad_token_id` to `eos_token_id`:128001 for open-end generation.
Setting `pad_token_id` to `eos_token_id`:128001 for open-end generation.
Setting `pad_token_id` to `eos_token_id`:128001 for open-end generation.
Setting `pad_token_id` to `eos_token_id`:128001 for open-end generation.
Setting `pad_token_id` to `eos_token_id`:128001 for open-end generation.
Setting `pad_token_id` to `eos_token_id`:128001 for open-end generation.
Setting `pad_token_id` to `eos_token_id`:128001 for open-end generation.
Setting `pad_token_id` to `eos_token_id`:128001 for open-end generation.
Setting `pad_token_id` to `eos_token_id`:128001 for open-end generation.
Setting `pad_token_id` to `eos_token_id`:128001 for open-end generation.
Setting `pad_token_id` to `eos_token_id`:128001 for open-end generation.
Setting `pad_token_id` to `eos_token_id`:128001 for open-end generation.
Setting `pad_token_id` to `eos_token_id`:128001 for open-end generation.
Setting `pad_token_id` to `eos_token_id`:128001 for open-end generation.
Setting `pad_token_id` to `eos_token_id`:128001 for open-end generation.
Setting `pad_token_id` to `eos_token_id`:128001 for open-end generation.
Setting `pad_token_id` to `eos_token_id`:128001 for open-end generation.
Setting `pad_token_id` to `eos_token_id`:128001 for open-end generation.
Setting `pad_token_id` to `eos_token_id`:128001 for open-end generation.
Setting `pad_token_id` to `eos_token_id`:128001 for open-end generation.
Setting `pad_token_id` to `eos_token_id`:128001 for open-end generation.
Setting `pad_token_id` to `eos_token_id`:128001 for open-end generation.
Setting `pad_token_id` to `eos_token_id`:128001 for open-end generation.
Setting `pad_token_id` to `eos_token_id`:128001 for open-end generation.
Setting `pad_token_id` to `eos_token_id`:128001 for open-end generation.
Setting `pad_token_id` to `eos_token_id`:128001 for open-end generation.
Setting `pad_token_id` to `eos_token_id`:128001 for open-end generation.
Setting `pad_token_id` to `eos_token_id`:128001 for open-end generation.
Setting `pad_token_id` to `eos_token_id`:128001 for open-end generation.
Setting `pad_token_id` to `eos_token_id`:128001 for open-end generation.
Setting `pad_token_id` to `eos_token_id`:128001 for open-end generation.
Setting `pad_token_id` to `eos_token_id`:128001 for open-end generation.
Setting `pad_token_id` to `eos_token_id`:128001 for open-end generation.
Setting `pad_token_id` to `eos_token_id`:128001 for open-end generation.
Setting `pad_token_id` to `eos_token_id`:128001 for open-end generation.
Setting `pad_token_id` to `eos_token_id`:128001 for open-end generation.
Setting `pad_token_id` to `eos_token_id`:128001 for open-end generation.
Setting `pad_token_id` to `eos_token_id`:128001 for open-end generation.
Setting `pad_token_id` to `eos_token_id`:128001 for open-end generation.
Setting `pad_token_id` to `eos_token_id`:128001 for open-end generation.
Setting `pad_token_id` to `eos_token_id`:128001 for open-end generation.
Setting `pad_token_id` to `eos_token_id`:128001 for open-end generation.
Setting `pad_token_id` to `eos_token_id`:128001 for open-end generation.
Setting `pad_token_id` to `eos_token_id`:128001 for open-end generation.
Setting `pad_token_id` to `eos_token_id`:128001 for open-end generation.
Setting `pad_token_id` to `eos_token_id`:128001 for open-end generation.
Setting `pad_token_id` to `eos_token_id`:128001 for open-end generation.
Setting `pad_token_id` to `eos_token_id`:128001 for open-end generation.
Setting `pad_token_id` to `eos_token_id`:128001 for open-end generation.
Setting `pad_token_id` to `eos_token_id`:128001 for open-end generation.
Setting `pad_token_id` to `eos_token_id`:128001 for open-end generation.
Setting `pad_token_id` to `eos_token_id`:128001 for open-end generation.
Setting `pad_token_id` to `eos_token_id`:128001 for open-end generation.
Setting `pad_token_id` to `eos_token_id`:128001 for open-end generation.
Setting `pad_token_id` to `eos_token_id`:128001 for open-end generation.
Setting `pad_token_id` to `eos_token_id`:128001 for open-end generation.
Setting `pad_token_id` to `eos_token_id`:128001 for open-end generation.
Setting `pad_token_id` to `eos_token_id`:128001 for open-end generation.
Setting `pad_token_id` to `eos_token_id`:128001 for open-end generation.
Setting `pad_token_id` to `eos_token_id`:128001 for open-end generation.
Setting `pad_token_id` to `eos_token_id`:128001 for open-end generation.
Setting `pad_token_id` to `eos_token_id`:128001 for open-end generation.
Setting `pad_token_id` to `eos_token_id`:128001 for open-end generation.
Setting `pad_token_id` to `eos_token_id`:128001 for open-end generation.
Setting `pad_token_id` to `eos_token_id`:128001 for open-end generation.
Setting `pad_token_id` to `eos_token_id`:128001 for open-end generation.
Setting `pad_token_id` to `eos_token_id`:128001 for open-end generation.
Setting `pad_token_id` to `eos_token_id`:128001 for open-end generation.
Setting `pad_token_id` to `eos_token_id`:128001 for open-end generation.
Setting `pad_token_id` to `eos_token_id`:128001 for open-end generation.
Setting `pad_token_id` to `eos_token_id`:128001 for open-end generation.
Setting `pad_token_id` to `eos_token_id`:128001 for open-end generation.
Setting `pad_token_id` to `eos_token_id`:128001 for open-end generation.
Setting `pad_token_id` to `eos_token_id`:128001 for open-end generation.
Setting `pad_token_id` to `eos_token_id`:128001 for open-end generation.
Setting `pad_token_id` to `eos_token_id`:128001 for open-end generation.
Setting `pad_token_id` to `eos_token_id`:128001 for open-end generation.
Setting `pad_token_id` to `eos_token_id`:128001 for open-end generation.
Setting `pad_token_id` to `eos_token_id`:128001 for open-end generation.
Setting `pad_token_id` to `eos_token_id`:128001 for open-end generation.
Setting `pad_token_id` to `eos_token_id`:128001 for open-end generation.
Setting `pad_token_id` to `eos_token_id`:128001 for open-end generation.
Setting `pad_token_id` to `eos_token_id`:128001 for open-end generation.
Setting `pad_token_id` to `eos_token_id`:128001 for open-end generation.
Setting `pad_token_id` to `eos_token_id`:128001 for open-end generation.
Setting `pad_token_id` to `eos_token_id`:128001 for open-end generation.
Setting `pad_token_id` to `eos_token_id`:128001 for open-end generation.
Setting `pad_token_id` to `eos_token_id`:128001 for open-end generation.
Setting `pad_token_id` to `eos_token_id`:128001 for open-end generation.
Setting `pad_token_id` to `eos_token_id`:128001 for open-end generation.
Setting `pad_token_id` to `eos_token_id`:128001 for open-end generation.
Setting `pad_token_id` to `eos_token_id`:128001 for open-end generation.
Setting `pad_token_id` to `eos_token_id`:128001 for open-end generation.
Setting `pad_token_id` to `eos_token_id`:128001 for open-end generation.
Setting `pad_token_id` to `eos_token_id`:128001 for open-end generation.
Setting `pad_token_id` to `eos_token_id`:128001 for open-end generation.
Setting `pad_token_id` to `eos_token_id`:128001 for open-end generation.
Setting `pad_token_id` to `eos_token_id`:128001 for open-end generation.
Setting `pad_token_id` to `eos_token_id`:128001 for open-end generation.
Setting `pad_token_id` to `eos_token_id`:128001 for open-end generation.
Setting `pad_token_id` to `eos_token_id`:128001 for open-end generation.
Setting `pad_token_id` to `eos_token_id`:128001 for open-end generation.
Setting `pad_token_id` to `eos_token_id`:128001 for open-end generation.
Setting `pad_token_id` to `eos_token_id`:128001 for open-end generation.
Setting `pad_token_id` to `eos_token_id`:128001 for open-end generation.
Setting `pad_token_id` to `eos_token_id`:128001 for open-end generation.
Setting `pad_token_id` to `eos_token_id`:128001 for open-end generation.
Setting `pad_token_id` to `eos_token_id`:128001 for open-end generation.
Setting `pad_token_id` to `eos_token_id`:128001 for open-end generation.
Setting `pad_token_id` to `eos_token_id`:128001 for open-end generation.
Setting `pad_token_id` to `eos_token_id`:128001 for open-end generation.
Setting `pad_token_id` to `eos_token_id`:128001 for open-end generation.
Setting `pad_token_id` to `eos_token_id`:128001 for open-end generation.
Setting `pad_token_id` to `eos_token_id`:128001 for open-end generation.
Setting `pad_token_id` to `eos_token_id`:128001 for open-end generation.
Setting `pad_token_id` to `eos_token_id`:128001 for open-end generation.
Setting `pad_token_id` to `eos_token_id`:128001 for open-end generation.
Setting `pad_token_id` to `eos_token_id`:128001 for open-end generation.
Setting `pad_token_id` to `eos_token_id`:128001 for open-end generation.
Setting `pad_token_id` to `eos_token_id`:128001 for open-end generation.
Setting `pad_token_id` to `eos_token_id`:128001 for open-end generation.
Setting `pad_token_id` to `eos_token_id`:128001 for open-end generation.
Setting `pad_token_id` to `eos_token_id`:128001 for open-end generation.
Setting `pad_token_id` to `eos_token_id`:128001 for open-end generation.
Setting `pad_token_id` to `eos_token_id`:128001 for open-end generation.
Setting `pad_token_id` to `eos_token_id`:128001 for open-end generation.
Setting `pad_token_id` to `eos_token_id`:128001 for open-end generation.
Setting `pad_token_id` to `eos_token_id`:128001 for open-end generation.
Setting `pad_token_id` to `eos_token_id`:128001 for open-end generation.
Setting `pad_token_id` to `eos_token_id`:128001 for open-end generation.
Setting `pad_token_id` to `eos_token_id`:128001 for open-end generation.
Setting `pad_token_id` to `eos_token_id`:128001 for open-end generation.
Setting `pad_token_id` to `eos_token_id`:128001 for open-end generation.
Setting `pad_token_id` to `eos_token_id`:128001 for open-end generation.
Setting `pad_token_id` to `eos_token_id`:128001 for open-end generation.
Setting `pad_token_id` to `eos_token_id`:128001 for open-end generation.
Setting `pad_token_id` to `eos_token_id`:128001 for open-end generation.
Setting `pad_token_id` to `eos_token_id`:128001 for open-end generation.
Setting `pad_token_id` to `eos_token_id`:128001 for open-end generation.
Setting `pad_token_id` to `eos_token_id`:128001 for open-end generation.
Setting `pad_token_id` to `eos_token_id`:128001 for open-end generation.
Setting `pad_token_id` to `eos_token_id`:128001 for open-end generation.
Setting `pad_token_id` to `eos_token_id`:128001 for open-end generation.
Setting `pad_token_id` to `eos_token_id`:128001 for open-end generation.
Setting `pad_token_id` to `eos_token_id`:128001 for open-end generation.
Setting `pad_token_id` to `eos_token_id`:128001 for open-end generation.
Setting `pad_token_id` to `eos_token_id`:128001 for open-end generation.
Setting `pad_token_id` to `eos_token_id`:128001 for open-end generation.
Setting `pad_token_id` to `eos_token_id`:128001 for open-end generation.
Setting `pad_token_id` to `eos_token_id`:128001 for open-end generation.
Setting `pad_token_id` to `eos_token_id`:128001 for open-end generation.
Setting `pad_token_id` to `eos_token_id`:128001 for open-end generation.
Setting `pad_token_id` to `eos_token_id`:128001 for open-end generation.
Setting `pad_token_id` to `eos_token_id`:128001 for open-end generation.
Setting `pad_token_id` to `eos_token_id`:128001 for open-end generation.
Setting `pad_token_id` to `eos_token_id`:128001 for open-end generation.
Setting `pad_token_id` to `eos_token_id`:128001 for open-end generation.
Setting `pad_token_id` to `eos_token_id`:128001 for open-end generation.
Setting `pad_token_id` to `eos_token_id`:128001 for open-end generation.
Setting `pad_token_id` to `eos_token_id`:128001 for open-end generation.
Setting `pad_token_id` to `eos_token_id`:128001 for open-end generation.
Setting `pad_token_id` to `eos_token_id`:128001 for open-end generation.
Setting `pad_token_id` to `eos_token_id`:128001 for open-end generation.
Setting `pad_token_id` to `eos_token_id`:128001 for open-end generation.
Setting `pad_token_id` to `eos_token_id`:128001 for open-end generation.
Setting `pad_token_id` to `eos_token_id`:128001 for open-end generation.
Setting `pad_token_id` to `eos_token_id`:128001 for open-end generation.
Setting `pad_token_id` to `eos_token_id`:128001 for open-end generation.
Setting `pad_token_id` to `eos_token_id`:128001 for open-end generation.
Setting `pad_token_id` to `eos_token_id`:128001 for open-end generation.
Setting `pad_token_id` to `eos_token_id`:128001 for open-end generation.
Setting `pad_token_id` to `eos_token_id`:128001 for open-end generation.
Setting `pad_token_id` to `eos_token_id`:128001 for open-end generation.
Setting `pad_token_id` to `eos_token_id`:128001 for open-end generation.
Setting `pad_token_id` to `eos_token_id`:128001 for open-end generation.
Setting `pad_token_id` to `eos_token_id`:128001 for open-end generation.
Setting `pad_token_id` to `eos_token_id`:128001 for open-end generation.
Setting `pad_token_id` to `eos_token_id`:128001 for open-end generation.
Setting `pad_token_id` to `eos_token_id`:128001 for open-end generation.
Setting `pad_token_id` to `eos_token_id`:128001 for open-end generation.
Setting `pad_token_id` to `eos_token_id`:128001 for open-end generation.
Setting `pad_token_id` to `eos_token_id`:128001 for open-end generation.
Setting `pad_token_id` to `eos_token_id`:128001 for open-end generation.
Setting `pad_token_id` to `eos_token_id`:128001 for open-end generation.
Setting `pad_token_id` to `eos_token_id`:128001 for open-end generation.
Setting `pad_token_id` to `eos_token_id`:128001 for open-end generation.
Setting `pad_token_id` to `eos_token_id`:128001 for open-end generation.
Setting `pad_token_id` to `eos_token_id`:128001 for open-end generation.
Setting `pad_token_id` to `eos_token_id`:128001 for open-end generation.
Setting `pad_token_id` to `eos_token_id`:128001 for open-end generation.
Setting `pad_token_id` to `eos_token_id`:128001 for open-end generation.
Setting `pad_token_id` to `eos_token_id`:128001 for open-end generation.
Setting `pad_token_id` to `eos_token_id`:128001 for open-end generation.
Setting `pad_token_id` to `eos_token_id`:128001 for open-end generation.
Setting `pad_token_id` to `eos_token_id`:128001 for open-end generation.
Setting `pad_token_id` to `eos_token_id`:128001 for open-end generation.
Setting `pad_token_id` to `eos_token_id`:128001 for open-end generation.
Setting `pad_token_id` to `eos_token_id`:128001 for open-end generation.
Setting `pad_token_id` to `eos_token_id`:128001 for open-end generation.
Setting `pad_token_id` to `eos_token_id`:128001 for open-end generation.
Setting `pad_token_id` to `eos_token_id`:128001 for open-end generation.
Setting `pad_token_id` to `eos_token_id`:128001 for open-end generation.
Setting `pad_token_id` to `eos_token_id`:128001 for open-end generation.
Setting `pad_token_id` to `eos_token_id`:128001 for open-end generation.
Setting `pad_token_id` to `eos_token_id`:128001 for open-end generation.
Setting `pad_token_id` to `eos_token_id`:128001 for open-end generation.
Setting `pad_token_id` to `eos_token_id`:128001 for open-end generation.
Setting `pad_token_id` to `eos_token_id`:128001 for open-end generation.
Setting `pad_token_id` to `eos_token_id`:128001 for open-end generation.
Setting `pad_token_id` to `eos_token_id`:128001 for open-end generation.
Setting `pad_token_id` to `eos_token_id`:128001 for open-end generation.
Setting `pad_token_id` to `eos_token_id`:128001 for open-end generation.
Setting `pad_token_id` to `eos_token_id`:128001 for open-end generation.
Setting `pad_token_id` to `eos_token_id`:128001 for open-end generation.
Setting `pad_token_id` to `eos_token_id`:128001 for open-end generation.
Setting `pad_token_id` to `eos_token_id`:128001 for open-end generation.
Setting `pad_token_id` to `eos_token_id`:128001 for open-end generation.
Setting `pad_token_id` to `eos_token_id`:128001 for open-end generation.
Setting `pad_token_id` to `eos_token_id`:128001 for open-end generation.
Setting `pad_token_id` to `eos_token_id`:128001 for open-end generation.
Setting `pad_token_id` to `eos_token_id`:128001 for open-end generation.
Setting `pad_token_id` to `eos_token_id`:128001 for open-end generation.
Setting `pad_token_id` to `eos_token_id`:128001 for open-end generation.
Setting `pad_token_id` to `eos_token_id`:128001 for open-end generation.
Setting `pad_token_id` to `eos_token_id`:128001 for open-end generation.
Setting `pad_token_id` to `eos_token_id`:128001 for open-end generation.
Setting `pad_token_id` to `eos_token_id`:128001 for open-end generation.
Setting `pad_token_id` to `eos_token_id`:128001 for open-end generation.
Setting `pad_token_id` to `eos_token_id`:128001 for open-end generation.
Setting `pad_token_id` to `eos_token_id`:128001 for open-end generation.
Setting `pad_token_id` to `eos_token_id`:128001 for open-end generation.
Setting `pad_token_id` to `eos_token_id`:128001 for open-end generation.
Setting `pad_token_id` to `eos_token_id`:128001 for open-end generation.
Setting `pad_token_id` to `eos_token_id`:128001 for open-end generation.
Setting `pad_token_id` to `eos_token_id`:128001 for open-end generation.
Setting `pad_token_id` to `eos_token_id`:128001 for open-end generation.
Setting `pad_token_id` to `eos_token_id`:128001 for open-end generation.
Setting `pad_token_id` to `eos_token_id`:128001 for open-end generation.
Setting `pad_token_id` to `eos_token_id`:128001 for open-end generation.
Setting `pad_token_id` to `eos_token_id`:128001 for open-end generation.
Setting `pad_token_id` to `eos_token_id`:128001 for open-end generation.
Setting `pad_token_id` to `eos_token_id`:128001 for open-end generation.
Setting `pad_token_id` to `eos_token_id`:128001 for open-end generation.
Setting `pad_token_id` to `eos_token_id`:128001 for open-end generation.
Setting `pad_token_id` to `eos_token_id`:128001 for open-end generation.
Setting `pad_token_id` to `eos_token_id`:128001 for open-end generation.
Setting `pad_token_id` to `eos_token_id`:128001 for open-end generation.
Setting `pad_token_id` to `eos_token_id`:128001 for open-end generation.
Setting `pad_token_id` to `eos_token_id`:128001 for open-end generation.
Setting `pad_token_id` to `eos_token_id`:128001 for open-end generation.
Setting `pad_token_id` to `eos_token_id`:128001 for open-end generation.
Setting `pad_token_id` to `eos_token_id`:128001 for open-end generation.
Setting `pad_token_id` to `eos_token_id`:128001 for open-end generation.
Setting `pad_token_id` to `eos_token_id`:128001 for open-end generation.
Setting `pad_token_id` to `eos_token_id`:128001 for open-end generation.
Setting `pad_token_id` to `eos_token_id`:128001 for open-end generation.
Setting `pad_token_id` to `eos_token_id`:128001 for open-end generation.
Setting `pad_token_id` to `eos_token_id`:128001 for open-end generation.
Setting `pad_token_id` to `eos_token_id`:128001 for open-end generation.
Setting `pad_token_id` to `eos_token_id`:128001 for open-end generation.
Setting `pad_token_id` to `eos_token_id`:128001 for open-end generation.
Setting `pad_token_id` to `eos_token_id`:128001 for open-end generation.
Setting `pad_token_id` to `eos_token_id`:128001 for open-end generation.
Setting `pad_token_id` to `eos_token_id`:128001 for open-end generation.
Setting `pad_token_id` to `eos_token_id`:128001 for open-end generation.
Setting `pad_token_id` to `eos_token_id`:128001 for open-end generation.
Setting `pad_token_id` to `eos_token_id`:128001 for open-end generation.
Setting `pad_token_id` to `eos_token_id`:128001 for open-end generation.
Setting `pad_token_id` to `eos_token_id`:128001 for open-end generation.
Setting `pad_token_id` to `eos_token_id`:128001 for open-end generation.
Setting `pad_token_id` to `eos_token_id`:128001 for open-end generation.
Setting `pad_token_id` to `eos_token_id`:128001 for open-end generation.
Setting `pad_token_id` to `eos_token_id`:128001 for open-end generation.
Setting `pad_token_id` to `eos_token_id`:128001 for open-end generation.
Setting `pad_token_id` to `eos_token_id`:128001 for open-end generation.
Setting `pad_token_id` to `eos_token_id`:128001 for open-end generation.
Setting `pad_token_id` to `eos_token_id`:128001 for open-end generation.
Setting `pad_token_id` to `eos_token_id`:128001 for open-end generation.
Setting `pad_token_id` to `eos_token_id`:128001 for open-end generation.
Setting `pad_token_id` to `eos_token_id`:128001 for open-end generation.
Setting `pad_token_id` to `eos_token_id`:128001 for open-end generation.
Setting `pad_token_id` to `eos_token_id`:128001 for open-end generation.
Setting `pad_token_id` to `eos_token_id`:128001 for open-end generation.
Setting `pad_token_id` to `eos_token_id`:128001 for open-end generation.
Setting `pad_token_id` to `eos_token_id`:128001 for open-end generation.
Setting `pad_token_id` to `eos_token_id`:128001 for open-end generation.
Setting `pad_token_id` to `eos_token_id`:128001 for open-end generation.
Setting `pad_token_id` to `eos_token_id`:128001 for open-end generation.
Setting `pad_token_id` to `eos_token_id`:128001 for open-end generation.
Setting `pad_token_id` to `eos_token_id`:128001 for open-end generation.
Setting `pad_token_id` to `eos_token_id`:128001 for open-end generation.
Setting `pad_token_id` to `eos_token_id`:128001 for open-end generation.
Setting `pad_token_id` to `eos_token_id`:128001 for open-end generation.
Setting `pad_token_id` to `eos_token_id`:128001 for open-end generation.
Setting `pad_token_id` to `eos_token_id`:128001 for open-end generation.
Setting `pad_token_id` to `eos_token_id`:128001 for open-end generation.
Setting `pad_token_id` to `eos_token_id`:128001 for open-end generation.
Setting `pad_token_id` to `eos_token_id`:128001 for open-end generation.
Setting `pad_token_id` to `eos_token_id`:128001 for open-end generation.
Setting `pad_token_id` to `eos_token_id`:128001 for open-end generation.
Setting `pad_token_id` to `eos_token_id`:128001 for open-end generation.
Setting `pad_token_id` to `eos_token_id`:128001 for open-end generation.
Setting `pad_token_id` to `eos_token_id`:128001 for open-end generation.
Setting `pad_token_id` to `eos_token_id`:128001 for open-end generation.
Setting `pad_token_id` to `eos_token_id`:128001 for open-end generation.
Setting `pad_token_id` to `eos_token_id`:128001 for open-end generation.
Setting `pad_token_id` to `eos_token_id`:128001 for open-end generation.
Setting `pad_token_id` to `eos_token_id`:128001 for open-end generation.
Setting `pad_token_id` to `eos_token_id`:128001 for open-end generation.
Setting `pad_token_id` to `eos_token_id`:128001 for open-end generation.
Setting `pad_token_id` to `eos_token_id`:128001 for open-end generation.
Setting `pad_token_id` to `eos_token_id`:128001 for open-end generation.
Setting `pad_token_id` to `eos_token_id`:128001 for open-end generation.
Setting `pad_token_id` to `eos_token_id`:128001 for open-end generation.
Setting `pad_token_id` to `eos_token_id`:128001 for open-end generation.
Setting `pad_token_id` to `eos_token_id`:128001 for open-end generation.
Setting `pad_token_id` to `eos_token_id`:128001 for open-end generation.
Setting `pad_token_id` to `eos_token_id`:128001 for open-end generation.
Setting `pad_token_id` to `eos_token_id`:128001 for open-end generation.
Setting `pad_token_id` to `eos_token_id`:128001 for open-end generation.
Setting `pad_token_id` to `eos_token_id`:128001 for open-end generation.
Setting `pad_token_id` to `eos_token_id`:128001 for open-end generation.
Setting `pad_token_id` to `eos_token_id`:128001 for open-end generation.
Setting `pad_token_id` to `eos_token_id`:128001 for open-end generation.
Setting `pad_token_id` to `eos_token_id`:128001 for open-end generation.
Setting `pad_token_id` to `eos_token_id`:128001 for open-end generation.
Setting `pad_token_id` to `eos_token_id`:128001 for open-end generation.
Setting `pad_token_id` to `eos_token_id`:128001 for open-end generation.
Setting `pad_token_id` to `eos_token_id`:128001 for open-end generation.
Setting `pad_token_id` to `eos_token_id`:128001 for open-end generation.
Setting `pad_token_id` to `eos_token_id`:128001 for open-end generation.
Setting `pad_token_id` to `eos_token_id`:128001 for open-end generation.
Setting `pad_token_id` to `eos_token_id`:128001 for open-end generation.
Setting `pad_token_id` to `eos_token_id`:128001 for open-end generation.
Setting `pad_token_id` to `eos_token_id`:128001 for open-end generation.
Setting `pad_token_id` to `eos_token_id`:128001 for open-end generation.
Setting `pad_token_id` to `eos_token_id`:128001 for open-end generation.
Setting `pad_token_id` to `eos_token_id`:128001 for open-end generation.
Setting `pad_token_id` to `eos_token_id`:128001 for open-end generation.
Setting `pad_token_id` to `eos_token_id`:128001 for open-end generation.
Setting `pad_token_id` to `eos_token_id`:128001 for open-end generation.
Setting `pad_token_id` to `eos_token_id`:128001 for open-end generation.
Setting `pad_token_id` to `eos_token_id`:128001 for open-end generation.
Setting `pad_token_id` to `eos_token_id`:128001 for open-end generation.
Setting `pad_token_id` to `eos_token_id`:128001 for open-end generation.
Setting `pad_token_id` to `eos_token_id`:128001 for open-end generation.
Setting `pad_token_id` to `eos_token_id`:128001 for open-end generation.
Setting `pad_token_id` to `eos_token_id`:128001 for open-end generation.
Setting `pad_token_id` to `eos_token_id`:128001 for open-end generation.
Setting `pad_token_id` to `eos_token_id`:128001 for open-end generation.
Setting `pad_token_id` to `eos_token_id`:128001 for open-end generation.
Setting `pad_token_id` to `eos_token_id`:128001 for open-end generation.
Setting `pad_token_id` to `eos_token_id`:128001 for open-end generation.
Setting `pad_token_id` to `eos_token_id`:128001 for open-end generation.
Setting `pad_token_id` to `eos_token_id`:128001 for open-end generation.
Setting `pad_token_id` to `eos_token_id`:128001 for open-end generation.
Setting `pad_token_id` to `eos_token_id`:128001 for open-end generation.
Setting `pad_token_id` to `eos_token_id`:128001 for open-end generation.
Setting `pad_token_id` to `eos_token_id`:128001 for open-end generation.
Setting `pad_token_id` to `eos_token_id`:128001 for open-end generation.
Setting `pad_token_id` to `eos_token_id`:128001 for open-end generation.
Setting `pad_token_id` to `eos_token_id`:128001 for open-end generation.
Setting `pad_token_id` to `eos_token_id`:128001 for open-end generation.
Setting `pad_token_id` to `eos_token_id`:128001 for open-end generation.
Setting `pad_token_id` to `eos_token_id`:128001 for open-end generation.
Setting `pad_token_id` to `eos_token_id`:128001 for open-end generation.
Setting `pad_token_id` to `eos_token_id`:128001 for open-end generation.
Setting `pad_token_id` to `eos_token_id`:128001 for open-end generation.
Setting `pad_token_id` to `eos_token_id`:128001 for open-end generation.
Setting `pad_token_id` to `eos_token_id`:128001 for open-end generation.
Setting `pad_token_id` to `eos_token_id`:128001 for open-end generation.
Setting `pad_token_id` to `eos_token_id`:128001 for open-end generation.
Setting `pad_token_id` to `eos_token_id`:128001 for open-end generation.
Setting `pad_token_id` to `eos_token_id`:128001 for open-end generation.
Setting `pad_token_id` to `eos_token_id`:128001 for open-end generation.
Setting `pad_token_id` to `eos_token_id`:128001 for open-end generation.
Setting `pad_token_id` to `eos_token_id`:128001 for open-end generation.
Setting `pad_token_id` to `eos_token_id`:128001 for open-end generation.
Setting `pad_token_id` to `eos_token_id`:128001 for open-end generation.
Setting `pad_token_id` to `eos_token_id`:128001 for open-end generation.
Setting `pad_token_id` to `eos_token_id`:128001 for open-end generation.
Setting `pad_token_id` to `eos_token_id`:128001 for open-end generation.
Setting `pad_token_id` to `eos_token_id`:128001 for open-end generation.
Setting `pad_token_id` to `eos_token_id`:128001 for open-end generation.
Setting `pad_token_id` to `eos_token_id`:128001 for open-end generation.
Setting `pad_token_id` to `eos_token_id`:128001 for open-end generation.
Setting `pad_token_id` to `eos_token_id`:128001 for open-end generation.
Setting `pad_token_id` to `eos_token_id`:128001 for open-end generation.
Setting `pad_token_id` to `eos_token_id`:128001 for open-end generation.
Setting `pad_token_id` to `eos_token_id`:128001 for open-end generation.
Setting `pad_token_id` to `eos_token_id`:128001 for open-end generation.
Setting `pad_token_id` to `eos_token_id`:128001 for open-end generation.
Setting `pad_token_id` to `eos_token_id`:128001 for open-end generation.
Setting `pad_token_id` to `eos_token_id`:128001 for open-end generation.
Setting `pad_token_id` to `eos_token_id`:128001 for open-end generation.
Setting `pad_token_id` to `eos_token_id`:128001 for open-end generation.
Setting `pad_token_id` to `eos_token_id`:128001 for open-end generation.
Setting `pad_token_id` to `eos_token_id`:128001 for open-end generation.
Setting `pad_token_id` to `eos_token_id`:128001 for open-end generation.
Setting `pad_token_id` to `eos_token_id`:128001 for open-end generation.
Setting `pad_token_id` to `eos_token_id`:128001 for open-end generation.
Setting `pad_token_id` to `eos_token_id`:128001 for open-end generation.
Setting `pad_token_id` to `eos_token_id`:128001 for open-end generation.
Setting `pad_token_id` to `eos_token_id`:128001 for open-end generation.
Setting `pad_token_id` to `eos_token_id`:128001 for open-end generation.
Setting `pad_token_id` to `eos_token_id`:128001 for open-end generation.
Setting `pad_token_id` to `eos_token_id`:128001 for open-end generation.
Setting `pad_token_id` to `eos_token_id`:128001 for open-end generation.
Setting `pad_token_id` to `eos_token_id`:128001 for open-end generation.
Setting `pad_token_id` to `eos_token_id`:128001 for open-end generation.
Setting `pad_token_id` to `eos_token_id`:128001 for open-end generation.
Setting `pad_token_id` to `eos_token_id`:128001 for open-end generation.
Setting `pad_token_id` to `eos_token_id`:128001 for open-end generation.
Setting `pad_token_id` to `eos_token_id`:128001 for open-end generation.
Setting `pad_token_id` to `eos_token_id`:128001 for open-end generation.
Setting `pad_token_id` to `eos_token_id`:128001 for open-end generation.
Setting `pad_token_id` to `eos_token_id`:128001 for open-end generation.
Setting `pad_token_id` to `eos_token_id`:128001 for open-end generation.
Setting `pad_token_id` to `eos_token_id`:128001 for open-end generation.
Setting `pad_token_id` to `eos_token_id`:128001 for open-end generation.
Setting `pad_token_id` to `eos_token_id`:128001 for open-end generation.
Setting `pad_token_id` to `eos_token_id`:128001 for open-end generation.
Setting `pad_token_id` to `eos_token_id`:128001 for open-end generation.
Setting `pad_token_id` to `eos_token_id`:128001 for open-end generation.
Setting `pad_token_id` to `eos_token_id`:128001 for open-end generation.
Setting `pad_token_id` to `eos_token_id`:128001 for open-end generation.
Setting `pad_token_id` to `eos_token_id`:128001 for open-end generation.
Setting `pad_token_id` to `eos_token_id`:128001 for open-end generation.
Setting `pad_token_id` to `eos_token_id`:128001 for open-end generation.
Setting `pad_token_id` to `eos_token_id`:128001 for open-end generation.
Setting `pad_token_id` to `eos_token_id`:128001 for open-end generation.
Setting `pad_token_id` to `eos_token_id`:128001 for open-end generation.
Setting `pad_token_id` to `eos_token_id`:128001 for open-end generation.
Setting `pad_token_id` to `eos_token_id`:128001 for open-end generation.
Setting `pad_token_id` to `eos_token_id`:128001 for open-end generation.
Setting `pad_token_id` to `eos_token_id`:128001 for open-end generation.
Setting `pad_token_id` to `eos_token_id`:128001 for open-end generation.
Setting `pad_token_id` to `eos_token_id`:128001 for open-end generation.
Setting `pad_token_id` to `eos_token_id`:128001 for open-end generation.
Setting `pad_token_id` to `eos_token_id`:128001 for open-end generation.
Setting `pad_token_id` to `eos_token_id`:128001 for open-end generation.
Setting `pad_token_id` to `eos_token_id`:128001 for open-end generation.
Setting `pad_token_id` to `eos_token_id`:128001 for open-end generation.
Setting `pad_token_id` to `eos_token_id`:128001 for open-end generation.
Setting `pad_token_id` to `eos_token_id`:128001 for open-end generation.
Setting `pad_token_id` to `eos_token_id`:128001 for open-end generation.
Setting `pad_token_id` to `eos_token_id`:128001 for open-end generation.
Setting `pad_token_id` to `eos_token_id`:128001 for open-end generation.
Setting `pad_token_id` to `eos_token_id`:128001 for open-end generation.
Setting `pad_token_id` to `eos_token_id`:128001 for open-end generation.
Setting `pad_token_id` to `eos_token_id`:128001 for open-end generation.
Setting `pad_token_id` to `eos_token_id`:128001 for open-end generation.
Setting `pad_token_id` to `eos_token_id`:128001 for open-end generation.
Setting `pad_token_id` to `eos_token_id`:128001 for open-end generation.
Setting `pad_token_id` to `eos_token_id`:128001 for open-end generation.
Setting `pad_token_id` to `eos_token_id`:128001 for open-end generation.
Setting `pad_token_id` to `eos_token_id`:128001 for open-end generation.
Setting `pad_token_id` to `eos_token_id`:128001 for open-end generation.
Setting `pad_token_id` to `eos_token_id`:128001 for open-end generation.
Setting `pad_token_id` to `eos_token_id`:128001 for open-end generation.
Setting `pad_token_id` to `eos_token_id`:128001 for open-end generation.
Setting `pad_token_id` to `eos_token_id`:128001 for open-end generation.
Setting `pad_token_id` to `eos_token_id`:128001 for open-end generation.
Setting `pad_token_id` to `eos_token_id`:128001 for open-end generation.
Setting `pad_token_id` to `eos_token_id`:128001 for open-end generation.
Setting `pad_token_id` to `eos_token_id`:128001 for open-end generation.
Setting `pad_token_id` to `eos_token_id`:128001 for open-end generation.
Setting `pad_token_id` to `eos_token_id`:128001 for open-end generation.
Setting `pad_token_id` to `eos_token_id`:128001 for open-end generation.
Setting `pad_token_id` to `eos_token_id`:128001 for open-end generation.
Setting `pad_token_id` to `eos_token_id`:128001 for open-end generation.
Setting `pad_token_id` to `eos_token_id`:128001 for open-end generation.
Setting `pad_token_id` to `eos_token_id`:128001 for open-end generation.
Setting `pad_token_id` to `eos_token_id`:128001 for open-end generation.
Setting `pad_token_id` to `eos_token_id`:128001 for open-end generation.
Setting `pad_token_id` to `eos_token_id`:128001 for open-end generation.
Setting `pad_token_id` to `eos_token_id`:128001 for open-end generation.
Setting `pad_token_id` to `eos_token_id`:128001 for open-end generation.
Setting `pad_token_id` to `eos_token_id`:128001 for open-end generation.
Setting `pad_token_id` to `eos_token_id`:128001 for open-end generation.
Setting `pad_token_id` to `eos_token_id`:128001 for open-end generation.
Setting `pad_token_id` to `eos_token_id`:128001 for open-end generation.
Setting `pad_token_id` to `eos_token_id`:128001 for open-end generation.
Setting `pad_token_id` to `eos_token_id`:128001 for open-end generation.
Setting `pad_token_id` to `eos_token_id`:128001 for open-end generation.
Setting `pad_token_id` to `eos_token_id`:128001 for open-end generation.
Setting `pad_token_id` to `eos_token_id`:128001 for open-end generation.
Setting `pad_token_id` to `eos_token_id`:128001 for open-end generation.
Setting `pad_token_id` to `eos_token_id`:128001 for open-end generation.
Setting `pad_token_id` to `eos_token_id`:128001 for open-end generation.
Setting `pad_token_id` to `eos_token_id`:128001 for open-end generation.
Setting `pad_token_id` to `eos_token_id`:128001 for open-end generation.
Setting `pad_token_id` to `eos_token_id`:128001 for open-end generation.
Setting `pad_token_id` to `eos_token_id`:128001 for open-end generation.
Setting `pad_token_id` to `eos_token_id`:128001 for open-end generation.
Setting `pad_token_id` to `eos_token_id`:128001 for open-end generation.
Setting `pad_token_id` to `eos_token_id`:128001 for open-end generation.
Setting `pad_token_id` to `eos_token_id`:128001 for open-end generation.
Setting `pad_token_id` to `eos_token_id`:128001 for open-end generation.
Setting `pad_token_id` to `eos_token_id`:128001 for open-end generation.
Setting `pad_token_id` to `eos_token_id`:128001 for open-end generation.
Setting `pad_token_id` to `eos_token_id`:128001 for open-end generation.
Setting `pad_token_id` to `eos_token_id`:128001 for open-end generation.
Setting `pad_token_id` to `eos_token_id`:128001 for open-end generation.
Setting `pad_token_id` to `eos_token_id`:128001 for open-end generation.
Setting `pad_token_id` to `eos_token_id`:128001 for open-end generation.
Setting `pad_token_id` to `eos_token_id`:128001 for open-end generation.
Setting `pad_token_id` to `eos_token_id`:128001 for open-end generation.
Setting `pad_token_id` to `eos_token_id`:128001 for open-end generation.
Setting `pad_token_id` to `eos_token_id`:128001 for open-end generation.
Setting `pad_token_id` to `eos_token_id`:128001 for open-end generation.
Setting `pad_token_id` to `eos_token_id`:128001 for open-end generation.
Setting `pad_token_id` to `eos_token_id`:128001 for open-end generation.
Setting `pad_token_id` to `eos_token_id`:128001 for open-end generation.
Setting `pad_token_id` to `eos_token_id`:128001 for open-end generation.
Setting `pad_token_id` to `eos_token_id`:128001 for open-end generation.
Setting `pad_token_id` to `eos_token_id`:128001 for open-end generation.
Setting `pad_token_id` to `eos_token_id`:128001 for open-end generation.
Setting `pad_token_id` to `eos_token_id`:128001 for open-end generation.
Setting `pad_token_id` to `eos_token_id`:128001 for open-end generation.
Setting `pad_token_id` to `eos_token_id`:128001 for open-end generation.
Setting `pad_token_id` to `eos_token_id`:128001 for open-end generation.
Setting `pad_token_id` to `eos_token_id`:128001 for open-end generation.
Setting `pad_token_id` to `eos_token_id`:128001 for open-end generation.
Setting `pad_token_id` to `eos_token_id`:128001 for open-end generation.
Setting `pad_token_id` to `eos_token_id`:128001 for open-end generation.
Setting `pad_token_id` to `eos_token_id`:128001 for open-end generation.
Setting `pad_token_id` to `eos_token_id`:128001 for open-end generation.
Setting `pad_token_id` to `eos_token_id`:128001 for open-end generation.
Setting `pad_token_id` to `eos_token_id`:128001 for open-end generation.
Setting `pad_token_id` to `eos_token_id`:128001 for open-end generation.
Setting `pad_token_id` to `eos_token_id`:128001 for open-end generation.
Setting `pad_token_id` to `eos_token_id`:128001 for open-end generation.
Setting `pad_token_id` to `eos_token_id`:128001 for open-end generation.
Setting `pad_token_id` to `eos_token_id`:128001 for open-end generation.
Setting `pad_token_id` to `eos_token_id`:128001 for open-end generation.
Setting `pad_token_id` to `eos_token_id`:128001 for open-end generation.
Setting `pad_token_id` to `eos_token_id`:128001 for open-end generation.
Setting `pad_token_id` to `eos_token_id`:128001 for open-end generation.
Setting `pad_token_id` to `eos_token_id`:128001 for open-end generation.
Setting `pad_token_id` to `eos_token_id`:128001 for open-end generation.
Setting `pad_token_id` to `eos_token_id`:128001 for open-end generation.
Setting `pad_token_id` to `eos_token_id`:128001 for open-end generation.
Setting `pad_token_id` to `eos_token_id`:128001 for open-end generation.
Setting `pad_token_id` to `eos_token_id`:128001 for open-end generation.
Setting `pad_token_id` to `eos_token_id`:128001 for open-end generation.
Setting `pad_token_id` to `eos_token_id`:128001 for open-end generation.
Setting `pad_token_id` to `eos_token_id`:128001 for open-end generation.
Setting `pad_token_id` to `eos_token_id`:128001 for open-end generation.
Setting `pad_token_id` to `eos_token_id`:128001 for open-end generation.
Setting `pad_token_id` to `eos_token_id`:128001 for open-end generation.
Setting `pad_token_id` to `eos_token_id`:128001 for open-end generation.
Setting `pad_token_id` to `eos_token_id`:128001 for open-end generation.
Setting `pad_token_id` to `eos_token_id`:128001 for open-end generation.
Setting `pad_token_id` to `eos_token_id`:128001 for open-end generation.
Setting `pad_token_id` to `eos_token_id`:128001 for open-end generation.
Setting `pad_token_id` to `eos_token_id`:128001 for open-end generation.
Setting `pad_token_id` to `eos_token_id`:128001 for open-end generation.
Setting `pad_token_id` to `eos_token_id`:128001 for open-end generation.
Setting `pad_token_id` to `eos_token_id`:128001 for open-end generation.
Setting `pad_token_id` to `eos_token_id`:128001 for open-end generation.
Setting `pad_token_id` to `eos_token_id`:128001 for open-end generation.
Setting `pad_token_id` to `eos_token_id`:128001 for open-end generation.
Setting `pad_token_id` to `eos_token_id`:128001 for open-end generation.
Setting `pad_token_id` to `eos_token_id`:128001 for open-end generation.
Setting `pad_token_id` to `eos_token_id`:128001 for open-end generation.
Setting `pad_token_id` to `eos_token_id`:128001 for open-end generation.
Setting `pad_token_id` to `eos_token_id`:128001 for open-end generation.
Setting `pad_token_id` to `eos_token_id`:128001 for open-end generation.
Setting `pad_token_id` to `eos_token_id`:128001 for open-end generation.
Setting `pad_token_id` to `eos_token_id`:128001 for open-end generation.
Setting `pad_token_id` to `eos_token_id`:128001 for open-end generation.
Setting `pad_token_id` to `eos_token_id`:128001 for open-end generation.
Setting `pad_token_id` to `eos_token_id`:128001 for open-end generation.
Setting `pad_token_id` to `eos_token_id`:128001 for open-end generation.
Setting `pad_token_id` to `eos_token_id`:128001 for open-end generation.
Setting `pad_token_id` to `eos_token_id`:128001 for open-end generation.
Setting `pad_token_id` to `eos_token_id`:128001 for open-end generation.
Setting `pad_token_id` to `eos_token_id`:128001 for open-end generation.
Setting `pad_token_id` to `eos_token_id`:128001 for open-end generation.
Setting `pad_token_id` to `eos_token_id`:128001 for open-end generation.
Setting `pad_token_id` to `eos_token_id`:128001 for open-end generation.
Setting `pad_token_id` to `eos_token_id`:128001 for open-end generation.
Setting `pad_token_id` to `eos_token_id`:128001 for open-end generation.
Setting `pad_token_id` to `eos_token_id`:128001 for open-end generation.
Setting `pad_token_id` to `eos_token_id`:128001 for open-end generation.
Setting `pad_token_id` to `eos_token_id`:128001 for open-end generation.
Setting `pad_token_id` to `eos_token_id`:128001 for open-end generation.
Setting `pad_token_id` to `eos_token_id`:128001 for open-end generation.
Setting `pad_token_id` to `eos_token_id`:128001 for open-end generation.
Setting `pad_token_id` to `eos_token_id`:128001 for open-end generation.
Setting `pad_token_id` to `eos_token_id`:128001 for open-end generation.
Setting `pad_token_id` to `eos_token_id`:128001 for open-end generation.
Setting `pad_token_id` to `eos_token_id`:128001 for open-end generation.
Setting `pad_token_id` to `eos_token_id`:128001 for open-end generation.
Setting `pad_token_id` to `eos_token_id`:128001 for open-end generation.
Setting `pad_token_id` to `eos_token_id`:128001 for open-end generation.
Setting `pad_token_id` to `eos_token_id`:128001 for open-end generation.
Setting `pad_token_id` to `eos_token_id`:128001 for open-end generation.
Setting `pad_token_id` to `eos_token_id`:128001 for open-end generation.
Setting `pad_token_id` to `eos_token_id`:128001 for open-end generation.
Setting `pad_token_id` to `eos_token_id`:128001 for open-end generation.
Setting `pad_token_id` to `eos_token_id`:128001 for open-end generation.
Setting `pad_token_id` to `eos_token_id`:128001 for open-end generation.
Setting `pad_token_id` to `eos_token_id`:128001 for open-end generation.
Setting `pad_token_id` to `eos_token_id`:128001 for open-end generation.
Setting `pad_token_id` to `eos_token_id`:128001 for open-end generation.
Setting `pad_token_id` to `eos_token_id`:128001 for open-end generation.
Setting `pad_token_id` to `eos_token_id`:128001 for open-end generation.
Setting `pad_token_id` to `eos_token_id`:128001 for open-end generation.
Setting `pad_token_id` to `eos_token_id`:128001 for open-end generation.
Setting `pad_token_id` to `eos_token_id`:128001 for open-end generation.
Setting `pad_token_id` to `eos_token_id`:128001 for open-end generation.
Setting `pad_token_id` to `eos_token_id`:128001 for open-end generation.
Setting `pad_token_id` to `eos_token_id`:128001 for open-end generation.
Setting `pad_token_id` to `eos_token_id`:128001 for open-end generation.
Setting `pad_token_id` to `eos_token_id`:128001 for open-end generation.
Setting `pad_token_id` to `eos_token_id`:128001 for open-end generation.
Setting `pad_token_id` to `eos_token_id`:128001 for open-end generation.
Setting `pad_token_id` to `eos_token_id`:128001 for open-end generation.
Setting `pad_token_id` to `eos_token_id`:128001 for open-end generation.
Setting `pad_token_id` to `eos_token_id`:128001 for open-end generation.
Setting `pad_token_id` to `eos_token_id`:128001 for open-end generation.
Setting `pad_token_id` to `eos_token_id`:128001 for open-end generation.
Setting `pad_token_id` to `eos_token_id`:128001 for open-end generation.
Setting `pad_token_id` to `eos_token_id`:128001 for open-end generation.
Setting `pad_token_id` to `eos_token_id`:128001 for open-end generation.
Setting `pad_token_id` to `eos_token_id`:128001 for open-end generation.
Setting `pad_token_id` to `eos_token_id`:128001 for open-end generation.
Setting `pad_token_id` to `eos_token_id`:128001 for open-end generation.
Setting `pad_token_id` to `eos_token_id`:128001 for open-end generation.
Setting `pad_token_id` to `eos_token_id`:128001 for open-end generation.
Setting `pad_token_id` to `eos_token_id`:128001 for open-end generation.
Setting `pad_token_id` to `eos_token_id`:128001 for open-end generation.
Setting `pad_token_id` to `eos_token_id`:128001 for open-end generation.
Setting `pad_token_id` to `eos_token_id`:128001 for open-end generation.
Setting `pad_token_id` to `eos_token_id`:128001 for open-end generation.
Setting `pad_token_id` to `eos_token_id`:128001 for open-end generation.
Setting `pad_token_id` to `eos_token_id`:128001 for open-end generation.
Setting `pad_token_id` to `eos_token_id`:128001 for open-end generation.
Setting `pad_token_id` to `eos_token_id`:128001 for open-end generation.
Setting `pad_token_id` to `eos_token_id`:128001 for open-end generation.
Setting `pad_token_id` to `eos_token_id`:128001 for open-end generation.
Setting `pad_token_id` to `eos_token_id`:128001 for open-end generation.
Setting `pad_token_id` to `eos_token_id`:128001 for open-end generation.
Setting `pad_token_id` to `eos_token_id`:128001 for open-end generation.
Setting `pad_token_id` to `eos_token_id`:128001 for open-end generation.
Setting `pad_token_id` to `eos_token_id`:128001 for open-end generation.
Setting `pad_token_id` to `eos_token_id`:128001 for open-end generation.
Setting `pad_token_id` to `eos_token_id`:128001 for open-end generation.
Setting `pad_token_id` to `eos_token_id`:128001 for open-end generation.
Setting `pad_token_id` to `eos_token_id`:128001 for open-end generation.
Setting `pad_token_id` to `eos_token_id`:128001 for open-end generation.
Setting `pad_token_id` to `eos_token_id`:128001 for open-end generation.
Setting `pad_token_id` to `eos_token_id`:128001 for open-end generation.
Setting `pad_token_id` to `eos_token_id`:128001 for open-end generation.
Setting `pad_token_id` to `eos_token_id`:128001 for open-end generation.
Setting `pad_token_id` to `eos_token_id`:128001 for open-end generation.
Setting `pad_token_id` to `eos_token_id`:128001 for open-end generation.
Setting `pad_token_id` to `eos_token_id`:128001 for open-end generation.
Setting `pad_token_id` to `eos_token_id`:128001 for open-end generation.
Setting `pad_token_id` to `eos_token_id`:128001 for open-end generation.
Setting `pad_token_id` to `eos_token_id`:128001 for open-end generation.
Setting `pad_token_id` to `eos_token_id`:128001 for open-end generation.
Setting `pad_token_id` to `eos_token_id`:128001 for open-end generation.
Setting `pad_token_id` to `eos_token_id`:128001 for open-end generation.
Setting `pad_token_id` to `eos_token_id`:128001 for open-end generation.
Setting `pad_token_id` to `eos_token_id`:128001 for open-end generation.
Setting `pad_token_id` to `eos_token_id`:128001 for open-end generation.
Setting `pad_token_id` to `eos_token_id`:128001 for open-end generation.
Setting `pad_token_id` to `eos_token_id`:128001 for open-end generation.
Setting `pad_token_id` to `eos_token_id`:128001 for open-end generation.
Setting `pad_token_id` to `eos_token_id`:128001 for open-end generation.
Setting `pad_token_id` to `eos_token_id`:128001 for open-end generation.
Setting `pad_token_id` to `eos_token_id`:128001 for open-end generation.
Setting `pad_token_id` to `eos_token_id`:128001 for open-end generation.
Setting `pad_token_id` to `eos_token_id`:128001 for open-end generation.
Setting `pad_token_id` to `eos_token_id`:128001 for open-end generation.
Setting `pad_token_id` to `eos_token_id`:128001 for open-end generation.
Setting `pad_token_id` to `eos_token_id`:128001 for open-end generation.
Setting `pad_token_id` to `eos_token_id`:128001 for open-end generation.
Setting `pad_token_id` to `eos_token_id`:128001 for open-end generation.
Setting `pad_token_id` to `eos_token_id`:128001 for open-end generation.
Setting `pad_token_id` to `eos_token_id`:128001 for open-end generation.
Setting `pad_token_id` to `eos_token_id`:128001 for open-end generation.
Setting `pad_token_id` to `eos_token_id`:128001 for open-end generation.
Setting `pad_token_id` to `eos_token_id`:128001 for open-end generation.
Setting `pad_token_id` to `eos_token_id`:128001 for open-end generation.
Setting `pad_token_id` to `eos_token_id`:128001 for open-end generation.
Setting `pad_token_id` to `eos_token_id`:128001 for open-end generation.
Setting `pad_token_id` to `eos_token_id`:128001 for open-end generation.
Setting `pad_token_id` to `eos_token_id`:128001 for open-end generation.
Setting `pad_token_id` to `eos_token_id`:128001 for open-end generation.
Setting `pad_token_id` to `eos_token_id`:128001 for open-end generation.
Setting `pad_token_id` to `eos_token_id`:128001 for open-end generation.
Setting `pad_token_id` to `eos_token_id`:128001 for open-end generation.
Setting `pad_token_id` to `eos_token_id`:128001 for open-end generation.
Setting `pad_token_id` to `eos_token_id`:128001 for open-end generation.
Setting `pad_token_id` to `eos_token_id`:128001 for open-end generation.
Setting `pad_token_id` to `eos_token_id`:128001 for open-end generation.
Setting `pad_token_id` to `eos_token_id`:128001 for open-end generation.
Setting `pad_token_id` to `eos_token_id`:128001 for open-end generation.
Setting `pad_token_id` to `eos_token_id`:128001 for open-end generation.
Setting `pad_token_id` to `eos_token_id`:128001 for open-end generation.
Setting `pad_token_id` to `eos_token_id`:128001 for open-end generation.
Setting `pad_token_id` to `eos_token_id`:128001 for open-end generation.
Setting `pad_token_id` to `eos_token_id`:128001 for open-end generation.
Setting `pad_token_id` to `eos_token_id`:128001 for open-end generation.
Setting `pad_token_id` to `eos_token_id`:128001 for open-end generation.
Setting `pad_token_id` to `eos_token_id`:128001 for open-end generation.
Setting `pad_token_id` to `eos_token_id`:128001 for open-end generation.
Setting `pad_token_id` to `eos_token_id`:128001 for open-end generation.
Setting `pad_token_id` to `eos_token_id`:128001 for open-end generation.
Setting `pad_token_id` to `eos_token_id`:128001 for open-end generation.
Setting `pad_token_id` to `eos_token_id`:128001 for open-end generation.
Setting `pad_token_id` to `eos_token_id`:128001 for open-end generation.
Setting `pad_token_id` to `eos_token_id`:128001 for open-end generation.
Setting `pad_token_id` to `eos_token_id`:128001 for open-end generation.
Setting `pad_token_id` to `eos_token_id`:128001 for open-end generation.
Setting `pad_token_id` to `eos_token_id`:128001 for open-end generation.
Setting `pad_token_id` to `eos_token_id`:128001 for open-end generation.
Setting `pad_token_id` to `eos_token_id`:128001 for open-end generation.
Setting `pad_token_id` to `eos_token_id`:128001 for open-end generation.
Setting `pad_token_id` to `eos_token_id`:128001 for open-end generation.
Setting `pad_token_id` to `eos_token_id`:128001 for open-end generation.
Setting `pad_token_id` to `eos_token_id`:128001 for open-end generation.
Setting `pad_token_id` to `eos_token_id`:128001 for open-end generation.
Setting `pad_token_id` to `eos_token_id`:128001 for open-end generation.
Setting `pad_token_id` to `eos_token_id`:128001 for open-end generation.
Setting `pad_token_id` to `eos_token_id`:128001 for open-end generation.
Setting `pad_token_id` to `eos_token_id`:128001 for open-end generation.
Setting `pad_token_id` to `eos_token_id`:128001 for open-end generation.
Setting `pad_token_id` to `eos_token_id`:128001 for open-end generation.
Setting `pad_token_id` to `eos_token_id`:128001 for open-end generation.
Setting `pad_token_id` to `eos_token_id`:128001 for open-end generation.
Setting `pad_token_id` to `eos_token_id`:128001 for open-end generation.
Setting `pad_token_id` to `eos_token_id`:128001 for open-end generation.
Setting `pad_token_id` to `eos_token_id`:128001 for open-end generation.
Setting `pad_token_id` to `eos_token_id`:128001 for open-end generation.
Setting `pad_token_id` to `eos_token_id`:128001 for open-end generation.
Setting `pad_token_id` to `eos_token_id`:128001 for open-end generation.
Setting `pad_token_id` to `eos_token_id`:128001 for open-end generation.
Setting `pad_token_id` to `eos_token_id`:128001 for open-end generation.
Setting `pad_token_id` to `eos_token_id`:128001 for open-end generation.
Setting `pad_token_id` to `eos_token_id`:128001 for open-end generation.
Setting `pad_token_id` to `eos_token_id`:128001 for open-end generation.
Setting `pad_token_id` to `eos_token_id`:128001 for open-end generation.
Setting `pad_token_id` to `eos_token_id`:128001 for open-end generation.
Setting `pad_token_id` to `eos_token_id`:128001 for open-end generation.
Setting `pad_token_id` to `eos_token_id`:128001 for open-end generation.
Setting `pad_token_id` to `eos_token_id`:128001 for open-end generation.
Setting `pad_token_id` to `eos_token_id`:128001 for open-end generation.
Setting `pad_token_id` to `eos_token_id`:128001 for open-end generation.
Setting `pad_token_id` to `eos_token_id`:128001 for open-end generation.
Setting `pad_token_id` to `eos_token_id`:128001 for open-end generation.
Setting `pad_token_id` to `eos_token_id`:128001 for open-end generation.
Setting `pad_token_id` to `eos_token_id`:128001 for open-end generation.
Setting `pad_token_id` to `eos_token_id`:128001 for open-end generation.
Setting `pad_token_id` to `eos_token_id`:128001 for open-end generation.
Setting `pad_token_id` to `eos_token_id`:128001 for open-end generation.
Setting `pad_token_id` to `eos_token_id`:128001 for open-end generation.
Setting `pad_token_id` to `eos_token_id`:128001 for open-end generation.
Setting `pad_token_id` to `eos_token_id`:128001 for open-end generation.
Setting `pad_token_id` to `eos_token_id`:128001 for open-end generation.
Setting `pad_token_id` to `eos_token_id`:128001 for open-end generation.
Setting `pad_token_id` to `eos_token_id`:128001 for open-end generation.
Setting `pad_token_id` to `eos_token_id`:128001 for open-end generation.
Setting `pad_token_id` to `eos_token_id`:128001 for open-end generation.
Setting `pad_token_id` to `eos_token_id`:128001 for open-end generation.
Setting `pad_token_id` to `eos_token_id`:128001 for open-end generation.
Setting `pad_token_id` to `eos_token_id`:128001 for open-end generation.
Setting `pad_token_id` to `eos_token_id`:128001 for open-end generation.
Setting `pad_token_id` to `eos_token_id`:128001 for open-end generation.
Setting `pad_token_id` to `eos_token_id`:128001 for open-end generation.
Setting `pad_token_id` to `eos_token_id`:128001 for open-end generation.
Setting `pad_token_id` to `eos_token_id`:128001 for open-end generation.
Setting `pad_token_id` to `eos_token_id`:128001 for open-end generation.
Setting `pad_token_id` to `eos_token_id`:128001 for open-end generation.
Setting `pad_token_id` to `eos_token_id`:128001 for open-end generation.
Setting `pad_token_id` to `eos_token_id`:128001 for open-end generation.
Setting `pad_token_id` to `eos_token_id`:128001 for open-end generation.
Setting `pad_token_id` to `eos_token_id`:128001 for open-end generation.
Setting `pad_token_id` to `eos_token_id`:128001 for open-end generation.
Setting `pad_token_id` to `eos_token_id`:128001 for open-end generation.
Setting `pad_token_id` to `eos_token_id`:128001 for open-end generation.
Setting `pad_token_id` to `eos_token_id`:128001 for open-end generation.
Setting `pad_token_id` to `eos_token_id`:128001 for open-end generation.
Setting `pad_token_id` to `eos_token_id`:128001 for open-end generation.
Setting `pad_token_id` to `eos_token_id`:128001 for open-end generation.
Setting `pad_token_id` to `eos_token_id`:128001 for open-end generation.
Setting `pad_token_id` to `eos_token_id`:128001 for open-end generation.
Setting `pad_token_id` to `eos_token_id`:128001 for open-end generation.
Setting `pad_token_id` to `eos_token_id`:128001 for open-end generation.
Setting `pad_token_id` to `eos_token_id`:128001 for open-end generation.
Setting `pad_token_id` to `eos_token_id`:128001 for open-end generation.
Setting `pad_token_id` to `eos_token_id`:128001 for open-end generation.
Setting `pad_token_id` to `eos_token_id`:128001 for open-end generation.
Setting `pad_token_id` to `eos_token_id`:128001 for open-end generation.
Setting `pad_token_id` to `eos_token_id`:128001 for open-end generation.
Setting `pad_token_id` to `eos_token_id`:128001 for open-end generation.
Setting `pad_token_id` to `eos_token_id`:128001 for open-end generation.
Setting `pad_token_id` to `eos_token_id`:128001 for open-end generation.
Setting `pad_token_id` to `eos_token_id`:128001 for open-end generation.
Setting `pad_token_id` to `eos_token_id`:128001 for open-end generation.
Setting `pad_token_id` to `eos_token_id`:128001 for open-end generation.
Setting `pad_token_id` to `eos_token_id`:128001 for open-end generation.
Setting `pad_token_id` to `eos_token_id`:128001 for open-end generation.
Setting `pad_token_id` to `eos_token_id`:128001 for open-end generation.
Setting `pad_token_id` to `eos_token_id`:128001 for open-end generation.
Setting `pad_token_id` to `eos_token_id`:128001 for open-end generation.
Setting `pad_token_id` to `eos_token_id`:128001 for open-end generation.
Setting `pad_token_id` to `eos_token_id`:128001 for open-end generation.
Setting `pad_token_id` to `eos_token_id`:128001 for open-end generation.
Setting `pad_token_id` to `eos_token_id`:128001 for open-end generation.
Setting `pad_token_id` to `eos_token_id`:128001 for open-end generation.
Setting `pad_token_id` to `eos_token_id`:128001 for open-end generation.
Setting `pad_token_id` to `eos_token_id`:128001 for open-end generation.
Setting `pad_token_id` to `eos_token_id`:128001 for open-end generation.
Setting `pad_token_id` to `eos_token_id`:128001 for open-end generation.
Setting `pad_token_id` to `eos_token_id`:128001 for open-end generation.
Setting `pad_token_id` to `eos_token_id`:128001 for open-end generation.
Setting `pad_token_id` to `eos_token_id`:128001 for open-end generation.
Setting `pad_token_id` to `eos_token_id`:128001 for open-end generation.
Setting `pad_token_id` to `eos_token_id`:128001 for open-end generation.
Setting `pad_token_id` to `eos_token_id`:128001 for open-end generation.
Setting `pad_token_id` to `eos_token_id`:128001 for open-end generation.
Setting `pad_token_id` to `eos_token_id`:128001 for open-end generation.
Setting `pad_token_id` to `eos_token_id`:128001 for open-end generation.
Setting `pad_token_id` to `eos_token_id`:128001 for open-end generation.
Setting `pad_token_id` to `eos_token_id`:128001 for open-end generation.
Setting `pad_token_id` to `eos_token_id`:128001 for open-end generation.
Setting `pad_token_id` to `eos_token_id`:128001 for open-end generation.
Setting `pad_token_id` to `eos_token_id`:128001 for open-end generation.
Setting `pad_token_id` to `eos_token_id`:128001 for open-end generation.
Setting `pad_token_id` to `eos_token_id`:128001 for open-end generation.
Setting `pad_token_id` to `eos_token_id`:128001 for open-end generation.
Setting `pad_token_id` to `eos_token_id`:128001 for open-end generation.
Setting `pad_token_id` to `eos_token_id`:128001 for open-end generation.
Setting `pad_token_id` to `eos_token_id`:128001 for open-end generation.
Setting `pad_token_id` to `eos_token_id`:128001 for open-end generation.
Setting `pad_token_id` to `eos_token_id`:128001 for open-end generation.
Setting `pad_token_id` to `eos_token_id`:128001 for open-end generation.
Setting `pad_token_id` to `eos_token_id`:128001 for open-end generation.
Setting `pad_token_id` to `eos_token_id`:128001 for open-end generation.
Setting `pad_token_id` to `eos_token_id`:128001 for open-end generation.
Setting `pad_token_id` to `eos_token_id`:128001 for open-end generation.
Setting `pad_token_id` to `eos_token_id`:128001 for open-end generation.
Setting `pad_token_id` to `eos_token_id`:128001 for open-end generation.
Setting `pad_token_id` to `eos_token_id`:128001 for open-end generation.
Setting `pad_token_id` to `eos_token_id`:128001 for open-end generation.
Setting `pad_token_id` to `eos_token_id`:128001 for open-end generation.
Setting `pad_token_id` to `eos_token_id`:128001 for open-end generation.
Setting `pad_token_id` to `eos_token_id`:128001 for open-end generation.
Setting `pad_token_id` to `eos_token_id`:128001 for open-end generation.
Setting `pad_token_id` to `eos_token_id`:128001 for open-end generation.
Setting `pad_token_id` to `eos_token_id`:128001 for open-end generation.
Setting `pad_token_id` to `eos_token_id`:128001 for open-end generation.
Setting `pad_token_id` to `eos_token_id`:128001 for open-end generation.
Setting `pad_token_id` to `eos_token_id`:128001 for open-end generation.
Setting `pad_token_id` to `eos_token_id`:128001 for open-end generation.
Setting `pad_token_id` to `eos_token_id`:128001 for open-end generation.
Setting `pad_token_id` to `eos_token_id`:128001 for open-end generation.
Setting `pad_token_id` to `eos_token_id`:128001 for open-end generation.
Setting `pad_token_id` to `eos_token_id`:128001 for open-end generation.
Setting `pad_token_id` to `eos_token_id`:128001 for open-end generation.
Setting `pad_token_id` to `eos_token_id`:128001 for open-end generation.
Setting `pad_token_id` to `eos_token_id`:128001 for open-end generation.
Setting `pad_token_id` to `eos_token_id`:128001 for open-end generation.
Setting `pad_token_id` to `eos_token_id`:128001 for open-end generation.
Setting `pad_token_id` to `eos_token_id`:128001 for open-end generation.
Setting `pad_token_id` to `eos_token_id`:128001 for open-end generation.
Setting `pad_token_id` to `eos_token_id`:128001 for open-end generation.
Setting `pad_token_id` to `eos_token_id`:128001 for open-end generation.
Setting `pad_token_id` to `eos_token_id`:128001 for open-end generation.
Setting `pad_token_id` to `eos_token_id`:128001 for open-end generation.
Setting `pad_token_id` to `eos_token_id`:128001 for open-end generation.
Setting `pad_token_id` to `eos_token_id`:128001 for open-end generation.
Setting `pad_token_id` to `eos_token_id`:128001 for open-end generation.
Setting `pad_token_id` to `eos_token_id`:128001 for open-end generation.
Setting `pad_token_id` to `eos_token_id`:128001 for open-end generation.
Setting `pad_token_id` to `eos_token_id`:128001 for open-end generation.
Setting `pad_token_id` to `eos_token_id`:128001 for open-end generation.
Setting `pad_token_id` to `eos_token_id`:128001 for open-end generation.
Setting `pad_token_id` to `eos_token_id`:128001 for open-end generation.
Setting `pad_token_id` to `eos_token_id`:128001 for open-end generation.
Setting `pad_token_id` to `eos_token_id`:128001 for open-end generation.
Setting `pad_token_id` to `eos_token_id`:128001 for open-end generation.
Setting `pad_token_id` to `eos_token_id`:128001 for open-end generation.
Setting `pad_token_id` to `eos_token_id`:128001 for open-end generation.
Setting `pad_token_id` to `eos_token_id`:128001 for open-end generation.
Setting `pad_token_id` to `eos_token_id`:128001 for open-end generation.
Setting `pad_token_id` to `eos_token_id`:128001 for open-end generation.
Setting `pad_token_id` to `eos_token_id`:128001 for open-end generation.
Setting `pad_token_id` to `eos_token_id`:128001 for open-end generation.
Setting `pad_token_id` to `eos_token_id`:128001 for open-end generation.
Setting `pad_token_id` to `eos_token_id`:128001 for open-end generation.
Setting `pad_token_id` to `eos_token_id`:128001 for open-end generation.
Setting `pad_token_id` to `eos_token_id`:128001 for open-end generation.
Setting `pad_token_id` to `eos_token_id`:128001 for open-end generation.
Setting `pad_token_id` to `eos_token_id`:128001 for open-end generation.
Setting `pad_token_id` to `eos_token_id`:128001 for open-end generation.
Setting `pad_token_id` to `eos_token_id`:128001 for open-end generation.
Setting `pad_token_id` to `eos_token_id`:128001 for open-end generation.
Setting `pad_token_id` to `eos_token_id`:128001 for open-end generation.
Setting `pad_token_id` to `eos_token_id`:128001 for open-end generation.
Setting `pad_token_id` to `eos_token_id`:128001 for open-end generation.
Setting `pad_token_id` to `eos_token_id`:128001 for open-end generation.
Setting `pad_token_id` to `eos_token_id`:128001 for open-end generation.
Setting `pad_token_id` to `eos_token_id`:128001 for open-end generation.
Setting `pad_token_id` to `eos_token_id`:128001 for open-end generation.
Setting `pad_token_id` to `eos_token_id`:128001 for open-end generation.
Setting `pad_token_id` to `eos_token_id`:128001 for open-end generation.
Setting `pad_token_id` to `eos_token_id`:128001 for open-end generation.
Setting `pad_token_id` to `eos_token_id`:128001 for open-end generation.
Setting `pad_token_id` to `eos_token_id`:128001 for open-end generation.
Setting `pad_token_id` to `eos_token_id`:128001 for open-end generation.
Setting `pad_token_id` to `eos_token_id`:128001 for open-end generation.
Setting `pad_token_id` to `eos_token_id`:128001 for open-end generation.
Setting `pad_token_id` to `eos_token_id`:128001 for open-end generation.
Setting `pad_token_id` to `eos_token_id`:128001 for open-end generation.
Setting `pad_token_id` to `eos_token_id`:128001 for open-end generation.
Setting `pad_token_id` to `eos_token_id`:128001 for open-end generation.
Setting `pad_token_id` to `eos_token_id`:128001 for open-end generation.
Setting `pad_token_id` to `eos_token_id`:128001 for open-end generation.
Setting `pad_token_id` to `eos_token_id`:128001 for open-end generation.
Setting `pad_token_id` to `eos_token_id`:128001 for open-end generation.
Setting `pad_token_id` to `eos_token_id`:128001 for open-end generation.
Setting `pad_token_id` to `eos_token_id`:128001 for open-end generation.
Setting `pad_token_id` to `eos_token_id`:128001 for open-end generation.
Setting `pad_token_id` to `eos_token_id`:128001 for open-end generation.
Setting `pad_token_id` to `eos_token_id`:128001 for open-end generation.
Setting `pad_token_id` to `eos_token_id`:128001 for open-end generation.
Setting `pad_token_id` to `eos_token_id`:128001 for open-end generation.
Setting `pad_token_id` to `eos_token_id`:128001 for open-end generation.
Setting `pad_token_id` to `eos_token_id`:128001 for open-end generation.
Setting `pad_token_id` to `eos_token_id`:128001 for open-end generation.
Setting `pad_token_id` to `eos_token_id`:128001 for open-end generation.
Setting `pad_token_id` to `eos_token_id`:128001 for open-end generation.
Setting `pad_token_id` to `eos_token_id`:128001 for open-end generation.
Setting `pad_token_id` to `eos_token_id`:128001 for open-end generation.
Setting `pad_token_id` to `eos_token_id`:128001 for open-end generation.
Setting `pad_token_id` to `eos_token_id`:128001 for open-end generation.
Setting `pad_token_id` to `eos_token_id`:128001 for open-end generation.
Setting `pad_token_id` to `eos_token_id`:128001 for open-end generation.
Setting `pad_token_id` to `eos_token_id`:128001 for open-end generation.
Setting `pad_token_id` to `eos_token_id`:128001 for open-end generation.
Setting `pad_token_id` to `eos_token_id`:128001 for open-end generation.
Setting `pad_token_id` to `eos_token_id`:128001 for open-end generation.
Setting `pad_token_id` to `eos_token_id`:128001 for open-end generation.
Setting `pad_token_id` to `eos_token_id`:128001 for open-end generation.
Setting `pad_token_id` to `eos_token_id`:128001 for open-end generation.
Setting `pad_token_id` to `eos_token_id`:128001 for open-end generation.
Setting `pad_token_id` to `eos_token_id`:128001 for open-end generation.
Setting `pad_token_id` to `eos_token_id`:128001 for open-end generation.
Setting `pad_token_id` to `eos_token_id`:128001 for open-end generation.
Setting `pad_token_id` to `eos_token_id`:128001 for open-end generation.
Setting `pad_token_id` to `eos_token_id`:128001 for open-end generation.
Setting `pad_token_id` to `eos_token_id`:128001 for open-end generation.
Setting `pad_token_id` to `eos_token_id`:128001 for open-end generation.
Setting `pad_token_id` to `eos_token_id`:128001 for open-end generation.
Setting `pad_token_id` to `eos_token_id`:128001 for open-end generation.
Setting `pad_token_id` to `eos_token_id`:128001 for open-end generation.
Setting `pad_token_id` to `eos_token_id`:128001 for open-end generation.
Setting `pad_token_id` to `eos_token_id`:128001 for open-end generation.
Setting `pad_token_id` to `eos_token_id`:128001 for open-end generation.
Setting `pad_token_id` to `eos_token_id`:128001 for open-end generation.
Setting `pad_token_id` to `eos_token_id`:128001 for open-end generation.
Setting `pad_token_id` to `eos_token_id`:128001 for open-end generation.
Setting `pad_token_id` to `eos_token_id`:128001 for open-end generation.
Setting `pad_token_id` to `eos_token_id`:128001 for open-end generation.
Setting `pad_token_id` to `eos_token_id`:128001 for open-end generation.
Setting `pad_token_id` to `eos_token_id`:128001 for open-end generation.
Setting `pad_token_id` to `eos_token_id`:128001 for open-end generation.
Setting `pad_token_id` to `eos_token_id`:128001 for open-end generation.
Setting `pad_token_id` to `eos_token_id`:128001 for open-end generation.
Setting `pad_token_id` to `eos_token_id`:128001 for open-end generation.
Setting `pad_token_id` to `eos_token_id`:128001 for open-end generation.
Setting `pad_token_id` to `eos_token_id`:128001 for open-end generation.
Setting `pad_token_id` to `eos_token_id`:128001 for open-end generation.
Setting `pad_token_id` to `eos_token_id`:128001 for open-end generation.
Setting `pad_token_id` to `eos_token_id`:128001 for open-end generation.
Setting `pad_token_id` to `eos_token_id`:128001 for open-end generation.
Setting `pad_token_id` to `eos_token_id`:128001 for open-end generation.
Setting `pad_token_id` to `eos_token_id`:128001 for open-end generation.
Setting `pad_token_id` to `eos_token_id`:128001 for open-end generation.
Setting `pad_token_id` to `eos_token_id`:128001 for open-end generation.
Setting `pad_token_id` to `eos_token_id`:128001 for open-end generation.
Setting `pad_token_id` to `eos_token_id`:128001 for open-end generation.
Setting `pad_token_id` to `eos_token_id`:128001 for open-end generation.
Setting `pad_token_id` to `eos_token_id`:128001 for open-end generation.
Setting `pad_token_id` to `eos_token_id`:128001 for open-end generation.
Setting `pad_token_id` to `eos_token_id`:128001 for open-end generation.
Setting `pad_token_id` to `eos_token_id`:128001 for open-end generation.
Setting `pad_token_id` to `eos_token_id`:128001 for open-end generation.
Setting `pad_token_id` to `eos_token_id`:128001 for open-end generation.
Setting `pad_token_id` to `eos_token_id`:128001 for open-end generation.
Setting `pad_token_id` to `eos_token_id`:128001 for open-end generation.
Setting `pad_token_id` to `eos_token_id`:128001 for open-end generation.
Setting `pad_token_id` to `eos_token_id`:128001 for open-end generation.
Setting `pad_token_id` to `eos_token_id`:128001 for open-end generation.
Setting `pad_token_id` to `eos_token_id`:128001 for open-end generation.
Setting `pad_token_id` to `eos_token_id`:128001 for open-end generation.
Setting `pad_token_id` to `eos_token_id`:128001 for open-end generation.
Setting `pad_token_id` to `eos_token_id`:128001 for open-end generation.
Setting `pad_token_id` to `eos_token_id`:128001 for open-end generation.
Setting `pad_token_id` to `eos_token_id`:128001 for open-end generation.
Setting `pad_token_id` to `eos_token_id`:128001 for open-end generation.
Setting `pad_token_id` to `eos_token_id`:128001 for open-end generation.
Setting `pad_token_id` to `eos_token_id`:128001 for open-end generation.
Setting `pad_token_id` to `eos_token_id`:128001 for open-end generation.
Setting `pad_token_id` to `eos_token_id`:128001 for open-end generation.
Setting `pad_token_id` to `eos_token_id`:128001 for open-end generation.
Setting `pad_token_id` to `eos_token_id`:128001 for open-end generation.
Setting `pad_token_id` to `eos_token_id`:128001 for open-end generation.
Setting `pad_token_id` to `eos_token_id`:128001 for open-end generation.
Setting `pad_token_id` to `eos_token_id`:128001 for open-end generation.
Setting `pad_token_id` to `eos_token_id`:128001 for open-end generation.
Setting `pad_token_id` to `eos_token_id`:128001 for open-end generation.
Setting `pad_token_id` to `eos_token_id`:128001 for open-end generation.
Setting `pad_token_id` to `eos_token_id`:128001 for open-end generation.
Setting `pad_token_id` to `eos_token_id`:128001 for open-end generation.
Setting `pad_token_id` to `eos_token_id`:128001 for open-end generation.
Setting `pad_token_id` to `eos_token_id`:128001 for open-end generation.
Setting `pad_token_id` to `eos_token_id`:128001 for open-end generation.
Setting `pad_token_id` to `eos_token_id`:128001 for open-end generation.
Setting `pad_token_id` to `eos_token_id`:128001 for open-end generation.
Setting `pad_token_id` to `eos_token_id`:128001 for open-end generation.
Setting `pad_token_id` to `eos_token_id`:128001 for open-end generation.
Setting `pad_token_id` to `eos_token_id`:128001 for open-end generation.
Setting `pad_token_id` to `eos_token_id`:128001 for open-end generation.
Setting `pad_token_id` to `eos_token_id`:128001 for open-end generation.
Setting `pad_token_id` to `eos_token_id`:128001 for open-end generation.
Setting `pad_token_id` to `eos_token_id`:128001 for open-end generation.
Setting `pad_token_id` to `eos_token_id`:128001 for open-end generation.
Setting `pad_token_id` to `eos_token_id`:128001 for open-end generation.
Setting `pad_token_id` to `eos_token_id`:128001 for open-end generation.
Setting `pad_token_id` to `eos_token_id`:128001 for open-end generation.
Setting `pad_token_id` to `eos_token_id`:128001 for open-end generation.
Setting `pad_token_id` to `eos_token_id`:128001 for open-end generation.
Setting `pad_token_id` to `eos_token_id`:128001 for open-end generation.
Setting `pad_token_id` to `eos_token_id`:128001 for open-end generation.
Setting `pad_token_id` to `eos_token_id`:128001 for open-end generation.
Setting `pad_token_id` to `eos_token_id`:128001 for open-end generation.
Setting `pad_token_id` to `eos_token_id`:128001 for open-end generation.
Setting `pad_token_id` to `eos_token_id`:128001 for open-end generation.
Setting `pad_token_id` to `eos_token_id`:128001 for open-end generation.
Setting `pad_token_id` to `eos_token_id`:128001 for open-end generation.
Setting `pad_token_id` to `eos_token_id`:128001 for open-end generation.
Setting `pad_token_id` to `eos_token_id`:128001 for open-end generation.
Setting `pad_token_id` to `eos_token_id`:128001 for open-end generation.
Setting `pad_token_id` to `eos_token_id`:128001 for open-end generation.
Setting `pad_token_id` to `eos_token_id`:128001 for open-end generation.
Setting `pad_token_id` to `eos_token_id`:128001 for open-end generation.
Setting `pad_token_id` to `eos_token_id`:128001 for open-end generation.
Setting `pad_token_id` to `eos_token_id`:128001 for open-end generation.
Setting `pad_token_id` to `eos_token_id`:128001 for open-end generation.
Setting `pad_token_id` to `eos_token_id`:128001 for open-end generation.
Setting `pad_token_id` to `eos_token_id`:128001 for open-end generation.
Setting `pad_token_id` to `eos_token_id`:128001 for open-end generation.
Setting `pad_token_id` to `eos_token_id`:128001 for open-end generation.
Setting `pad_token_id` to `eos_token_id`:128001 for open-end generation.
Setting `pad_token_id` to `eos_token_id`:128001 for open-end generation.
Setting `pad_token_id` to `eos_token_id`:128001 for open-end generation.
Setting `pad_token_id` to `eos_token_id`:128001 for open-end generation.
Setting `pad_token_id` to `eos_token_id`:128001 for open-end generation.
Setting `pad_token_id` to `eos_token_id`:128001 for open-end generation.
Setting `pad_token_id` to `eos_token_id`:128001 for open-end generation.
Setting `pad_token_id` to `eos_token_id`:128001 for open-end generation.
Setting `pad_token_id` to `eos_token_id`:128001 for open-end generation.
Setting `pad_token_id` to `eos_token_id`:128001 for open-end generation.
Setting `pad_token_id` to `eos_token_id`:128001 for open-end generation.
Setting `pad_token_id` to `eos_token_id`:128001 for open-end generation.
Setting `pad_token_id` to `eos_token_id`:128001 for open-end generation.
Setting `pad_token_id` to `eos_token_id`:128001 for open-end generation.
Setting `pad_token_id` to `eos_token_id`:128001 for open-end generation.
Setting `pad_token_id` to `eos_token_id`:128001 for open-end generation.
Setting `pad_token_id` to `eos_token_id`:128001 for open-end generation.
Setting `pad_token_id` to `eos_token_id`:128001 for open-end generation.
Setting `pad_token_id` to `eos_token_id`:128001 for open-end generation.
Setting `pad_token_id` to `eos_token_id`:128001 for open-end generation.
Setting `pad_token_id` to `eos_token_id`:128001 for open-end generation.
Setting `pad_token_id` to `eos_token_id`:128001 for open-end generation.
Setting `pad_token_id` to `eos_token_id`:128001 for open-end generation.
Setting `pad_token_id` to `eos_token_id`:128001 for open-end generation.
Setting `pad_token_id` to `eos_token_id`:128001 for open-end generation.
Setting `pad_token_id` to `eos_token_id`:128001 for open-end generation.
Setting `pad_token_id` to `eos_token_id`:128001 for open-end generation.
Setting `pad_token_id` to `eos_token_id`:128001 for open-end generation.
Setting `pad_token_id` to `eos_token_id`:128001 for open-end generation.
Setting `pad_token_id` to `eos_token_id`:128001 for open-end generation.
Setting `pad_token_id` to `eos_token_id`:128001 for open-end generation.
Setting `pad_token_id` to `eos_token_id`:128001 for open-end generation.
Setting `pad_token_id` to `eos_token_id`:128001 for open-end generation.
Setting `pad_token_id` to `eos_token_id`:128001 for open-end generation.
Setting `pad_token_id` to `eos_token_id`:128001 for open-end generation.
Setting `pad_token_id` to `eos_token_id`:128001 for open-end generation.
Setting `pad_token_id` to `eos_token_id`:128001 for open-end generation.
Setting `pad_token_id` to `eos_token_id`:128001 for open-end generation.
Setting `pad_token_id` to `eos_token_id`:128001 for open-end generation.
Setting `pad_token_id` to `eos_token_id`:128001 for open-end generation.
Setting `pad_token_id` to `eos_token_id`:128001 for open-end generation.
Setting `pad_token_id` to `eos_token_id`:128001 for open-end generation.
Setting `pad_token_id` to `eos_token_id`:128001 for open-end generation.
Setting `pad_token_id` to `eos_token_id`:128001 for open-end generation.
Setting `pad_token_id` to `eos_token_id`:128001 for open-end generation.
Setting `pad_token_id` to `eos_token_id`:128001 for open-end generation.
Setting `pad_token_id` to `eos_token_id`:128001 for open-end generation.
Setting `pad_token_id` to `eos_token_id`:128001 for open-end generation.
Setting `pad_token_id` to `eos_token_id`:128001 for open-end generation.
Setting `pad_token_id` to `eos_token_id`:128001 for open-end generation.
Setting `pad_token_id` to `eos_token_id`:128001 for open-end generation.
Setting `pad_token_id` to `eos_token_id`:128001 for open-end generation.
Setting `pad_token_id` to `eos_token_id`:128001 for open-end generation.
Setting `pad_token_id` to `eos_token_id`:128001 for open-end generation.
Setting `pad_token_id` to `eos_token_id`:128001 for open-end generation.
Setting `pad_token_id` to `eos_token_id`:128001 for open-end generation.
Setting `pad_token_id` to `eos_token_id`:128001 for open-end generation.
Setting `pad_token_id` to `eos_token_id`:128001 for open-end generation.
Setting `pad_token_id` to `eos_token_id`:128001 for open-end generation.
Setting `pad_token_id` to `eos_token_id`:128001 for open-end generation.
Setting `pad_token_id` to `eos_token_id`:128001 for open-end generation.
Setting `pad_token_id` to `eos_token_id`:128001 for open-end generation.
Setting `pad_token_id` to `eos_token_id`:128001 for open-end generation.
Setting `pad_token_id` to `eos_token_id`:128001 for open-end generation.
Setting `pad_token_id` to `eos_token_id`:128001 for open-end generation.
Setting `pad_token_id` to `eos_token_id`:128001 for open-end generation.
Setting `pad_token_id` to `eos_token_id`:128001 for open-end generation.
Setting `pad_token_id` to `eos_token_id`:128001 for open-end generation.
Setting `pad_token_id` to `eos_token_id`:128001 for open-end generation.
Setting `pad_token_id` to `eos_token_id`:128001 for open-end generation.
Setting `pad_token_id` to `eos_token_id`:128001 for open-end generation.
Setting `pad_token_id` to `eos_token_id`:128001 for open-end generation.
Setting `pad_token_id` to `eos_token_id`:128001 for open-end generation.
Setting `pad_token_id` to `eos_token_id`:128001 for open-end generation.
Setting `pad_token_id` to `eos_token_id`:128001 for open-end generation.
Setting `pad_token_id` to `eos_token_id`:128001 for open-end generation.
Setting `pad_token_id` to `eos_token_id`:128001 for open-end generation.
Setting `pad_token_id` to `eos_token_id`:128001 for open-end generation.
Setting `pad_token_id` to `eos_token_id`:128001 for open-end generation.
Setting `pad_token_id` to `eos_token_id`:128001 for open-end generation.
Setting `pad_token_id` to `eos_token_id`:128001 for open-end generation.
Setting `pad_token_id` to `eos_token_id`:128001 for open-end generation.
Setting `pad_token_id` to `eos_token_id`:128001 for open-end generation.
Setting `pad_token_id` to `eos_token_id`:128001 for open-end generation.
Setting `pad_token_id` to `eos_token_id`:128001 for open-end generation.
Setting `pad_token_id` to `eos_token_id`:128001 for open-end generation.
Setting `pad_token_id` to `eos_token_id`:128001 for open-end generation.
Setting `pad_token_id` to `eos_token_id`:128001 for open-end generation.
Setting `pad_token_id` to `eos_token_id`:128001 for open-end generation.
Setting `pad_token_id` to `eos_token_id`:128001 for open-end generation.
Setting `pad_token_id` to `eos_token_id`:128001 for open-end generation.
Setting `pad_token_id` to `eos_token_id`:128001 for open-end generation.
Setting `pad_token_id` to `eos_token_id`:128001 for open-end generation.
Setting `pad_token_id` to `eos_token_id`:128001 for open-end generation.
Setting `pad_token_id` to `eos_token_id`:128001 for open-end generation.
Setting `pad_token_id` to `eos_token_id`:128001 for open-end generation.
Setting `pad_token_id` to `eos_token_id`:128001 for open-end generation.
Setting `pad_token_id` to `eos_token_id`:128001 for open-end generation.
Setting `pad_token_id` to `eos_token_id`:128001 for open-end generation.
Acc: 0.7100
2026-04-16:13:44:04 INFO     [_cli.run:378] Selected Tasks: ['social_iqa', 'commonsense_qa', 'minerva_math500']
2026-04-16:13:44:06 INFO     [evaluator:213] Setting random seed to 0 | Setting numpy seed to 1234 | Setting torch manual seed to 1234 | Setting fewshot manual seed to 1234
2026-04-16:13:44:06 INFO     [evaluator:238] Initializing hf model, with arguments: {'pretrained': '/models/Llama-3.1-8B', 'trust_remote_code': True}
2026-04-16:13:44:08 INFO     [models.huggingface:256] Using device 'cuda:0'
Traceback (most recent call last):
  File "/home/eterrescaballe/miniconda3/envs/lm-eval/lib/python3.11/site-packages/transformers/utils/hub.py", line 403, in cached_file
    resolved_file = hf_hub_download(
                    ^^^^^^^^^^^^^^^^
  File "/home/eterrescaballe/miniconda3/envs/lm-eval/lib/python3.11/site-packages/huggingface_hub/utils/_validators.py", line 106, in _inner_fn
    validate_repo_id(arg_value)
  File "/home/eterrescaballe/miniconda3/envs/lm-eval/lib/python3.11/site-packages/huggingface_hub/utils/_validators.py", line 154, in validate_repo_id
    raise HFValidationError(
huggingface_hub.errors.HFValidationError: Repo id must be in the form 'repo_name' or 'namespace/repo_name': '/models/Llama-3.1-8B'. Use `repo_type` argument if needed.

The above exception was the direct cause of the following exception:

Traceback (most recent call last):
  File "/home/eterrescaballe/miniconda3/envs/lm-eval/bin/lm_eval", line 6, in <module>
    sys.exit(cli_evaluate())
             ^^^^^^^^^^^^^^
  File "/gpfs/home3/eterrescaballe/MasterThesis/OrthoMerge/eval/lm-evaluation-harness/lm_eval/__main__.py", line 10, in cli_evaluate
    parser.execute(args)
  File "/gpfs/home3/eterrescaballe/MasterThesis/OrthoMerge/eval/lm-evaluation-harness/lm_eval/_cli/harness.py", line 60, in execute
    args.func(args)
  File "/gpfs/home3/eterrescaballe/MasterThesis/OrthoMerge/eval/lm-evaluation-harness/lm_eval/_cli/run.py", line 381, in _execute
    results = simple_evaluate(
              ^^^^^^^^^^^^^^^^
  File "/gpfs/home3/eterrescaballe/MasterThesis/OrthoMerge/eval/lm-evaluation-harness/lm_eval/utils.py", line 575, in _wrapper
    return fn(*args, **kwargs)
           ^^^^^^^^^^^^^^^^^^^
  File "/gpfs/home3/eterrescaballe/MasterThesis/OrthoMerge/eval/lm-evaluation-harness/lm_eval/evaluator.py", line 241, in simple_evaluate
    lm = lm_eval.api.registry.get_model(model).create_from_arg_obj(
         ^^^^^^^^^^^^^^^^^^^^^^^^^^^^^^^^^^^^^^^^^^^^^^^^^^^^^^^^^^
  File "/gpfs/home3/eterrescaballe/MasterThesis/OrthoMerge/eval/lm-evaluation-harness/lm_eval/api/model.py", line 169, in create_from_arg_obj
    return cls(**arg_dict, **additional_config)
           ^^^^^^^^^^^^^^^^^^^^^^^^^^^^^^^^^^^^
  File "/gpfs/home3/eterrescaballe/MasterThesis/OrthoMerge/eval/lm-evaluation-harness/lm_eval/models/huggingface.py", line 285, in __init__
    self._get_config(
  File "/gpfs/home3/eterrescaballe/MasterThesis/OrthoMerge/eval/lm-evaluation-harness/lm_eval/models/huggingface.py", line 679, in _get_config
    self._config = transformers.AutoConfig.from_pretrained(
                   ^^^^^^^^^^^^^^^^^^^^^^^^^^^^^^^^^^^^^^^^
  File "/home/eterrescaballe/miniconda3/envs/lm-eval/lib/python3.11/site-packages/transformers/models/auto/configuration_auto.py", line 1017, in from_pretrained
    config_dict, unused_kwargs = PretrainedConfig.get_config_dict(pretrained_model_name_or_path, **kwargs)
                                 ^^^^^^^^^^^^^^^^^^^^^^^^^^^^^^^^^^^^^^^^^^^^^^^^^^^^^^^^^^^^^^^^^^^^^^^^^
  File "/home/eterrescaballe/miniconda3/envs/lm-eval/lib/python3.11/site-packages/transformers/configuration_utils.py", line 574, in get_config_dict
    config_dict, kwargs = cls._get_config_dict(pretrained_model_name_or_path, **kwargs)
                          ^^^^^^^^^^^^^^^^^^^^^^^^^^^^^^^^^^^^^^^^^^^^^^^^^^^^^^^^^^^^^
  File "/home/eterrescaballe/miniconda3/envs/lm-eval/lib/python3.11/site-packages/transformers/configuration_utils.py", line 633, in _get_config_dict
    resolved_config_file = cached_file(
                           ^^^^^^^^^^^^
  File "/home/eterrescaballe/miniconda3/envs/lm-eval/lib/python3.11/site-packages/transformers/utils/hub.py", line 469, in cached_file
    raise EnvironmentError(
OSError: Incorrect path_or_model_id: '/models/Llama-3.1-8B'. Please provide either the path to a local folder or the repo_id of a model on the Hub.
